"Date","Price","Open","High","Low","Vol.","Change %"
"Nov 11, 2020","1.0007","1.0014","1.0014","1.0007","19.57M","-0.07%"
"Nov 10, 2020","1.0014","1.0005","1.0014","1.0004","20.63M","0.09%"
"Nov 09, 2020","1.0005","1.0004","1.0009","1.0004","17.29M","0.01%"
"Nov 08, 2020","1.0004","1.0012","1.0013","1.0004","12.84M","-0.08%"
"Nov 07, 2020","1.0012","1.0014","1.0014","1.0010","16.49M","-0.02%"
"Nov 06, 2020","1.0014","1.0013","1.0014","1.0011","24.50M","0.01%"
"Nov 05, 2020","1.0013","1.0015","1.0015","1.0009","33.49M","-0.02%"
"Nov 04, 2020","1.0015","1.0005","1.0015","1.0005","18.94M","0.10%"
"Nov 03, 2020","1.0005","1.0009","1.0009","1.0005","17.21M","-0.04%"
"Nov 02, 2020","1.0009","1.0008","1.0009","1.0006","17.13M","0.01%"
"Nov 01, 2020","1.0008","1.0009","1.0009","1.0007","3.76M","-0.01%"
"Oct 31, 2020","1.0009","1.0007","1.0009","1.0006","6.74M","0.02%"
"Oct 30, 2020","1.0007","1.0005","1.0007","1.0005","17.74M","0.02%"
"Oct 29, 2020","1.0005","1.0006","1.0007","1.0005","14.18M","-0.01%"
"Oct 28, 2020","1.0006","1.0007","1.0007","1.0002","14.43M","-0.01%"
"Oct 27, 2020","1.0007","1.0012","1.0012","1.0005","17.07M","-0.05%"
"Oct 26, 2020","1.0012","1.0007","1.0012","1.0006","11.83M","0.05%"
"Oct 25, 2020","1.0007","1.0009","1.0012","1.0007","5.50M","-0.02%"
"Oct 24, 2020","1.0009","1.0010","1.0010","1.0009","4.82M","-0.01%"
"Oct 23, 2020","1.0010","1.0009","1.0010","1.0005","13.89M","0.01%"
"Oct 22, 2020","1.0009","1.0018","1.0018","1.0008","17.38M","-0.09%"
"Oct 21, 2020","1.0018","1.0010","1.0018","1.0010","20.28M","0.08%"
"Oct 20, 2020","1.0010","1.0006","1.0010","1.0004","13.28M","0.04%"
"Oct 19, 2020","1.0006","1.0005","1.0008","1.0002","19.46M","0.01%"
"Oct 18, 2020","1.0005","1.0004","1.0006","1.0004","2.70M","0.01%"
"Oct 17, 2020","1.0004","1.0008","1.0008","1.0004","3.57M","-0.04%"
"Oct 16, 2020","1.0008","1.0008","1.0011","1.0008","15.80M","0.00%"
"Oct 15, 2020","1.0008","1.0008","1.0008","1.0005","15.64M","0.00%"
"Oct 14, 2020","1.0008","1.0007","1.0008","1.0007","14.92M","0.01%"
"Oct 13, 2020","1.0007","1.0006","1.0009","1.0006","14.85M","0.02%"
"Oct 12, 2020","1.0005","1.0002","1.0005","1.0002","10.86M","0.03%"
"Oct 11, 2020","1.0002","1.0007","1.0007","1.0002","4.82M","-0.05%"
"Oct 10, 2020","1.0007","1.0007","1.0008","1.0006","4.57M","0.00%"
"Oct 09, 2020","1.0007","1.0006","1.0008","1.0005","15.34M","0.01%"
"Oct 08, 2020","1.0006","0.9999","1.0006","0.9999","13.08M","0.07%"
"Oct 07, 2020","0.9999","0.9998","1.0001","0.9998","18.32M","0.01%"
"Oct 06, 2020","0.9998","1.0004","1.0004","0.9998","15.22M","-0.06%"
"Oct 05, 2020","1.0004","1.0004","1.0014","1.0004","21.56M","0.00%"
"Oct 04, 2020","1.0004","1.0004","1.0005","1.0003","3.10M","0.00%"
"Oct 03, 2020","1.0004","1.0003","1.0004","1.0003","3.15M","0.01%"
"Oct 02, 2020","1.0003","0.9999","1.0003","0.9999","14.20M","0.04%"
"Oct 01, 2020","0.9999","1.0000","1.0007","0.9999","15.25M","-0.01%"
"Sep 30, 2020","1.0000","1.0000","1.0001","0.9996","12.78M","0.00%"
"Sep 29, 2020","1.0000","0.9997","1.0003","0.9996","13.56M","0.03%"
"Sep 28, 2020","0.9997","1.0002","1.0007","0.9997","12.08M","-0.05%"
"Sep 27, 2020","1.0002","1.0004","1.0004","1.0002","4.77M","-0.02%"
"Sep 26, 2020","1.0004","1.0005","1.0005","1.0004","3.98M","-0.01%"
"Sep 25, 2020","1.0005","1.0002","1.0005","1.0002","12.72M","0.03%"
"Sep 24, 2020","1.0002","0.9995","1.0002","0.9995","13.78M","0.06%"
"Sep 23, 2020","0.9996","1.0000","1.0000","0.9996","18.04M","-0.04%"
"Sep 22, 2020","1.0000","0.9999","1.0003","0.9999","15.81M","0.01%"
"Sep 21, 2020","0.9999","1.0000","1.0000","0.9998","21.96M","-0.01%"
"Sep 20, 2020","1.0000","1.0000","1.0000","1.0000","6.30M","0.00%"
"Sep 19, 2020","1.0000","1.0001","1.0003","1.0000","6.29M","-0.01%"
"Sep 18, 2020","1.0001","1.0001","1.0003","1.0001","20.75M","0.00%"
"Sep 17, 2020","1.0001","1.0004","1.0004","1.0001","11.23M","-0.03%"
"Sep 16, 2020","1.0004","1.0002","1.0005","1.0002","18.62M","0.02%"
"Sep 15, 2020","1.0002","1.0003","1.0006","1.0002","17.26M","-0.01%"
"Sep 14, 2020","1.0003","1.0000","1.0003","1.0000","12.92M","0.03%"
"Sep 13, 2020","1.0000","1.0002","1.0002","1.0000","9.80M","-0.03%"
"Sep 12, 2020","1.0003","1.0005","1.0005","1.0000","6.10M","-0.02%"
"Sep 11, 2020","1.0005","1.0003","1.0005","1.0003","13.64M","0.02%"
"Sep 10, 2020","1.0003","1.0001","1.0008","1.0001","19.93M","0.02%"
"Sep 09, 2020","1.0001","1.0001","1.0003","1.0001","14.44M","0.00%"
"Sep 08, 2020","1.0001","1.0000","1.0003","1.0000","17.21M","0.01%"
"Sep 07, 2020","1.0000","0.9998","1.0002","0.9998","12.31M","0.02%"
"Sep 06, 2020","0.9998","1.0002","1.0002","0.9998","8.28M","-0.04%"
"Sep 05, 2020","1.0002","1.0008","1.0008","1.0002","15.65M","-0.06%"
"Sep 04, 2020","1.0008","1.0016","1.0016","1.0008","17.85M","-0.08%"
"Sep 03, 2020","1.0016","1.0010","1.0016","1.0002","24.91M","0.07%"
"Sep 02, 2020","1.0009","1.0004","1.0010","1.0001","24.32M","0.05%"
"Sep 01, 2020","1.0004","1.0002","1.0012","1.0002","17.85M","0.02%"
"Aug 31, 2020","1.0002","1.0001","1.0006","1.0000","17.92M","0.02%"
"Aug 30, 2020","1.0000","1.0003","1.0003","0.9998","6.98M","-0.03%"
"Aug 29, 2020","1.0003","1.0006","1.0006","1.0003","7.58M","-0.03%"
"Aug 28, 2020","1.0006","1.0004","1.0006","1.0004","12.81M","0.02%"
"Aug 27, 2020","1.0004","1.0003","1.0004","1.0003","17.55M","0.01%"
"Aug 26, 2020","1.0003","1.0003","1.0008","1.0003","14.33M","0.01%"
"Aug 25, 2020","1.0002","1.0004","1.0004","1.0000","16.47M","-0.02%"
"Aug 24, 2020","1.0004","1.0004","1.0004","1.0002","11.80M","0.00%"
"Aug 23, 2020","1.0004","1.0002","1.0004","1.0002","6.53M","0.02%"
"Aug 22, 2020","1.0002","1.0000","1.0003","0.9998","11.39M","0.02%"
"Aug 21, 2020","1.0000","1.0008","1.0008","1.0000","18.74M","-0.09%"
"Aug 20, 2020","1.0009","1.0003","1.0009","1.0002","13.16M","0.06%"
"Aug 19, 2020","1.0003","1.0010","1.0010","1.0003","14.50M","-0.07%"
"Aug 18, 2020","1.0010","1.0011","1.0011","1.0006","15.52M","-0.01%"
"Aug 17, 2020","1.0011","1.0004","1.0011","1.0003","13.79M","0.07%"
"Aug 16, 2020","1.0004","1.0004","1.0006","1.0004","8.85M","0.00%"
"Aug 15, 2020","1.0004","1.0013","1.0013","1.0002","8.23M","-0.09%"
"Aug 14, 2020","1.0013","1.0012","1.0013","1.0012","12.27M","0.01%"
"Aug 13, 2020","1.0012","1.0003","1.0012","1.0003","13.84M","0.09%"
"Aug 12, 2020","1.0003","0.9999","1.0005","0.9999","10.18M","0.04%"
"Aug 11, 2020","0.9999","1.0008","1.0008","0.9999","12.62M","-0.09%"
"Aug 10, 2020","1.0008","1.0005","1.0010","1.0005","13.31M","0.03%"
"Aug 09, 2020","1.0005","1.0007","1.0007","1.0005","6.15M","-0.02%"
"Aug 08, 2020","1.0007","1.0009","1.0012","1.0004","5.64M","-0.02%"
"Aug 07, 2020","1.0009","1.0009","1.0009","1.0005","8.60M","0.00%"
"Aug 06, 2020","1.0009","1.0011","1.0011","1.0009","6.62M","-0.03%"
"Aug 05, 2020","1.0012","1.0005","1.0012","1.0003","7.79M","0.06%"
"Aug 04, 2020","1.0006","1.0007","1.0007","1.0005","7.98M","-0.01%"
"Aug 03, 2020","1.0007","1.0003","1.0007","1.0003","6.89M","0.04%"
"Aug 02, 2020","1.0003","1.0014","1.0014","1.0003","13.07M","-0.11%"
"Aug 01, 2020","1.0014","1.0015","1.0015","1.0010","7.69M","-0.01%"
"Jul 31, 2020","1.0015","1.0012","1.0015","1.0007","6.61M","0.03%"
"Jul 30, 2020","1.0012","1.0009","1.0013","1.0003","8.99M","0.03%"
"Jul 29, 2020","1.0009","1.0018","1.0018","1.0007","9.73M","-0.09%"
"Jul 28, 2020","1.0018","1.0019","1.0019","1.0003","11.68M","-0.01%"
"Jul 27, 2020","1.0019","1.0008","1.0021","1.0008","12.80M","0.11%"
"Jul 26, 2020","1.0008","1.0012","1.0013","1.0006","5.86M","-0.04%"
"Jul 25, 2020","1.0012","1.0012","1.0012","1.0009","3.78M","-0.01%"
"Jul 24, 2020","1.0013","1.0010","1.0013","1.0006","7.01M","0.04%"
"Jul 23, 2020","1.0009","1.0013","1.0013","1.0008","9.73M","-0.04%"
"Jul 22, 2020","1.0013","1.0005","1.0016","1.0005","6.84M","0.08%"
"Jul 21, 2020","1.0005","1.0000","1.0005","1.0000","7.65M","0.05%"
"Jul 20, 2020","1.0000","1.0005","1.0005","1.0000","5.62M","-0.05%"
"Jul 19, 2020","1.0005","1.0003","1.0005","1.0001","1.93M","0.02%"
"Jul 18, 2020","1.0003","0.9998","1.0003","0.9997","2.90M","0.05%"
"Jul 17, 2020","0.9998","0.9996","0.9998","0.9989","5.50M","0.03%"
"Jul 16, 2020","0.9995","0.9989","0.9995","0.9989","6.41M","0.06%"
"Jul 15, 2020","0.9989","0.9998","0.9998","0.9989","5.61M","-0.09%"
"Jul 14, 2020","0.9998","0.9994","0.9999","0.9993","4.92M","0.06%"
"Jul 13, 2020","0.9992","1.0001","1.0001","0.9992","6.68M","-0.10%"
"Jul 12, 2020","1.0002","0.9998","1.0002","0.9998","2.90M","0.04%"
"Jul 11, 2020","0.9998","0.9995","1.0000","0.9995","702.24K","-0.01%"
"Jul 10, 2020","0.9999","0.9998","0.9999","0.9995","7.04M","-0.02%"
"Jul 09, 2020","1.0001","1.0003","1.0003","0.9998","-","-0.05%"
"Jul 08, 2020","1.0006","1.0001","1.0006","1.0000","7.43M","0.05%"
"Jul 07, 2020","1.0001","1.0002","1.0002","1.0001","4.05M","-0.01%"
"Jul 06, 2020","1.0002","1.0004","1.0004","0.9999","5.08M","-0.02%"
"Jul 05, 2020","1.0004","1.0003","1.0004","0.9998","2.05M","0.01%"
"Jul 04, 2020","1.0003","1.0000","1.0004","0.9998","1.63M","0.03%"
"Jul 03, 2020","1.0000","1.0001","1.0002","0.9992","4.85M","-0.01%"
"Jul 02, 2020","1.0001","1.0005","1.0007","0.9993","5.16M","-0.04%"
"Jul 01, 2020","1.0005","0.9998","1.0006","0.9992","6.10M","0.07%"
"Jun 30, 2020","0.9998","0.9994","1.0001","0.9991","5.72M","0.04%"
"Jun 29, 2020","0.9994","0.9994","0.9998","0.9985","6.49M","0.00%"
"Jun 28, 2020","0.9994","0.9990","0.9995","0.9988","2.43M","0.04%"
"Jun 27, 2020","0.9990","0.9992","0.9993","0.9982","4.33M","-0.02%"
"Jun 26, 2020","0.9992","0.9989","0.9992","0.9982","2.99M","0.03%"
"Jun 25, 2020","0.9989","0.9989","0.9995","0.9975","6.01M","0.01%"
"Jun 24, 2020","0.9988","0.9997","0.9998","0.9980","4.35M","-0.09%"
"Jun 23, 2020","0.9997","1.0002","1.0003","0.9992","5.08M","-0.05%"
"Jun 22, 2020","1.0002","0.9990","1.0006","0.9986","7.75M","0.12%"
"Jun 21, 2020","0.9990","0.9994","0.9996","0.9987","2.26M","-0.04%"
"Jun 20, 2020","0.9994","0.9986","0.9995","0.9986","2.39M","0.08%"
"Jun 19, 2020","0.9986","0.9988","0.9995","0.9977","7.17M","-0.02%"
"Jun 18, 2020","0.9988","0.9989","0.9995","0.9987","4.77M","-0.01%"
"Jun 17, 2020","0.9989","0.9999","0.9999","0.9986","4.74M","-0.10%"
"Jun 16, 2020","0.9999","1.0003","1.0006","0.9993","4.60M","-0.04%"
"Jun 15, 2020","1.0003","0.9994","1.0005","0.9981","7.58M","0.09%"
"Jun 14, 2020","0.9994","0.9998","0.9999","0.9990","2.24M","-0.04%"
"Jun 13, 2020","0.9998","0.9995","1.0000","0.9994","1.46M","0.03%"
"Jun 12, 2020","0.9995","0.9986","0.9998","0.9983","4.67M","0.07%"
"Jun 11, 2020","0.9988","1.0005","1.0007","0.9973","6.74M","-0.17%"
"Jun 10, 2020","1.0005","1.0006","1.0009","0.9998","2.16M","-0.01%"
"Jun 09, 2020","1.0006","1.0006","1.0010","0.9999","5.48M","0.00%"
"Jun 08, 2020","1.0006","1.0004","1.0007","0.9999","5.75M","0.01%"
"Jun 07, 2020","1.0005","0.9998","1.0005","0.9994","4.10M","0.07%"
"Jun 06, 2020","0.9998","0.9995","1.0001","0.9992","2.74M","0.03%"
"Jun 05, 2020","0.9995","0.9999","1.0002","0.9993","4.76M","-0.04%"
"Jun 04, 2020","0.9999","0.9999","1.0003","0.9991","7.06M","0.00%"
"Jun 03, 2020","0.9999","0.9999","1.0007","0.9993","7.66M","0.01%"
"Jun 02, 2020","0.9998","1.0012","1.0016","0.9992","7.65M","-0.14%"
"Jun 01, 2020","1.0012","0.9994","1.0039","0.9984","10.73M","0.19%"
"May 31, 2020","0.9993","1.0000","1.0003","0.9991","7.99M","-0.07%"
"May 30, 2020","1.0000","0.9996","1.0002","0.9993","7.88M","0.04%"
"May 29, 2020","0.9996","1.0002","1.0005","0.9992","6.65M","-0.06%"
"May 28, 2020","1.0002","0.9999","1.0006","0.9994","6.25M","0.02%"
"May 27, 2020","1.0000","0.9999","1.0010","0.9994","7.78M","0.01%"
"May 26, 2020","0.9999","0.9999","1.0002","0.9995","4.03M","0.00%"
"May 25, 2020","0.9999","0.9994","1.0002","0.9990","2.45M","0.06%"
"May 24, 2020","0.9993","1.0000","1.0005","0.9990","5.01M","-0.08%"
"May 23, 2020","1.0001","1.0000","1.0005","0.9997","3.57M","0.01%"
"May 22, 2020","1.0000","0.9988","1.0004","0.9984","6.48M","0.12%"
"May 21, 2020","0.9988","0.9994","0.9996","0.9978","6.50M","-0.06%"
"May 20, 2020","0.9994","1.0003","1.0005","0.9986","5.89M","-0.08%"
"May 19, 2020","1.0002","0.9996","1.0005","0.9985","5.12M","0.06%"
"May 18, 2020","0.9996","0.9999","1.0001","0.9986","4.21M","-0.03%"
"May 17, 2020","0.9999","0.9997","1.0006","0.9994","2.71M","0.02%"
"May 16, 2020","0.9997","0.9993","1.0000","0.9987","3.27M","0.07%"
"May 15, 2020","0.9990","1.0002","1.0004","0.9982","4.75M","-0.12%"
"May 14, 2020","1.0002","1.0012","1.0012","0.9994","9.46M","-0.10%"
"May 13, 2020","1.0012","1.0007","1.0016","1.0002","10.29M","0.05%"
"May 12, 2020","1.0007","1.0007","1.0008","1.0000","8.56M","-0.01%"
"May 11, 2020","1.0008","1.0003","1.0011","1.0000","9.21M","0.03%"
"May 10, 2020","1.0005","1.0000","1.0012","0.9992","14.74M","0.05%"
"May 09, 2020","1.0000","1.0011","1.0012","0.9999","6.30M","-0.11%"
"May 08, 2020","1.0011","1.0017","1.0021","1.0009","7.57M","-0.05%"
"May 07, 2020","1.0016","1.0013","1.0017","1.0002","8.09M","0.03%"
"May 06, 2020","1.0013","1.0009","1.0019","1.0007","3.14M","0.04%"
"May 05, 2020","1.0009","1.0017","1.0018","1.0006","4.95M","-0.08%"
"May 04, 2020","1.0017","1.0008","1.0019","1.0003","4.66M","0.09%"
"May 03, 2020","1.0008","1.0012","1.0015","1.0000","5.80M","-0.04%"
"May 02, 2020","1.0012","1.0004","1.0013","1.0001","4.25M","0.08%"
"May 01, 2020","1.0004","1.0005","1.0016","0.9994","6.38M","-0.01%"
"Apr 30, 2020","1.0005","1.0009","1.0015","0.9900","11.56M","-0.04%"
"Apr 29, 2020","1.0009","1.0016","1.0030","1.0009","9.38M","-0.07%"
"Apr 28, 2020","1.0016","1.0015","1.0019","1.0008","5.28M","0.01%"
"Apr 27, 2020","1.0015","1.0009","1.0017","1.0007","4.53M","0.06%"
"Apr 26, 2020","1.0009","1.0010","1.0013","0.9999","3.31M","0.00%"
"Apr 25, 2020","1.0009","1.0015","1.0015","1.0001","2.38M","-0.06%"
"Apr 24, 2020","1.0015","1.0007","1.0015","0.9999","5.70M","0.08%"
"Apr 23, 2020","1.0007","1.0014","1.0020","1.0006","6.38M","-0.07%"
"Apr 22, 2020","1.0014","1.0015","1.0019","1.0011","4.58M","-0.01%"
"Apr 21, 2020","1.0015","1.0013","1.0019","1.0011","5.38M","0.02%"
"Apr 20, 2020","1.0013","1.0015","1.0018","1.0006","8.17M","0.01%"
"Apr 19, 2020","1.0012","1.0012","1.0017","1.0009","2.62M","0.00%"
"Apr 18, 2020","1.0012","1.0013","1.0020","1.0008","3.64M","-0.01%"
"Apr 17, 2020","1.0013","1.0016","1.0020","1.0000","3.52M","-0.04%"
"Apr 16, 2020","1.0017","1.0005","1.0022","1.0003","3.55M","0.12%"
"Apr 15, 2020","1.0005","1.0011","1.0016","1.0003","3.94M","-0.06%"
"Apr 14, 2020","1.0011","1.0025","1.0029","1.0009","6.33M","-0.14%"
"Apr 13, 2020","1.0025","1.0013","1.0026","1.0008","6.05M","0.12%"
"Apr 12, 2020","1.0013","1.0017","1.0034","1.0011","5.49M","-0.04%"
"Apr 11, 2020","1.0017","1.0014","1.0019","1.0011","2.67M","0.03%"
"Apr 10, 2020","1.0014","1.0013","1.0022","1.0006","6.96M","0.01%"
"Apr 09, 2020","1.0013","1.0014","1.0021","1.0006","4.39M","-0.01%"
"Apr 08, 2020","1.0014","1.0001","1.0017","1.0000","3.77M","0.13%"
"Apr 07, 2020","1.0001","1.0016","1.0026","1.0001","5.74M","-0.15%"
"Apr 06, 2020","1.0016","1.0012","1.0025","1.0008","6.79M","0.04%"
"Apr 05, 2020","1.0012","1.0017","1.0022","1.0004","2.66M","-0.05%"
"Apr 04, 2020","1.0017","1.0009","1.0022","1.0007","2.06M","0.08%"
"Apr 03, 2020","1.0009","1.0005","1.0025","1.0005","3.54M","0.04%"
"Apr 02, 2020","1.0005","1.0027","1.0034","1.0005","5.93M","-0.22%"
"Apr 01, 2020","1.0027","1.0017","1.0030","1.0010","5.06M","0.10%"
"Mar 31, 2020","1.0017","1.0022","1.0026","1.0010","4.20M","-0.03%"
"Mar 30, 2020","1.0020","0.9998","1.0038","0.9997","3.93M","0.22%"
"Mar 29, 2020","0.9998","1.0023","1.0024","0.9995","2.46M","-0.25%"
"Mar 28, 2020","1.0023","1.0011","1.0027","1.0008","4.43M","0.12%"
"Mar 27, 2020","1.0011","1.0038","1.0048","1.0008","3.12M","-0.27%"
"Mar 26, 2020","1.0038","1.0018","1.0038","1.0013","2.64M","0.20%"
"Mar 25, 2020","1.0018","1.0033","1.0040","1.0008","4.22M","-0.15%"
"Mar 24, 2020","1.0033","1.0042","1.0052","1.0024","4.07M","-0.07%"
"Mar 23, 2020","1.0040","1.0005","1.0052","1.0002","4.91M","0.35%"
"Mar 22, 2020","1.0005","1.0010","1.0027","1.0005","2.29M","-0.05%"
"Mar 21, 2020","1.0010","1.0001","1.0028","0.9997","2.11M","0.09%"
"Mar 20, 2020","1.0001","1.0034","1.0065","0.9980","7.23M","-0.33%"
"Mar 19, 2020","1.0034","1.0035","1.0110","1.0022","6.94M","0.00%"
"Mar 18, 2020","1.0034","1.0044","1.0057","1.0016","2.33M","-0.10%"
"Mar 17, 2020","1.0044","1.0023","1.0056","1.0016","4.77M","0.21%"
"Mar 16, 2020","1.0023","0.9971","1.0150","0.9970","7.65M","0.52%"
"Mar 15, 2020","0.9971","1.0119","1.2900","0.9970","8.98M","-1.46%"
"Mar 14, 2020","1.0119","1.0099","1.0148","1.0002","2.65M","0.20%"
"Mar 13, 2020","1.0099","1.0044","1.0510","0.9972","9.85M","0.51%"
"Mar 12, 2020","1.0048","1.0004","1.0064","0.9955","12.15M","0.44%"
"Mar 11, 2020","1.0004","1.0000","1.0033","0.9998","3.24M","0.04%"
"Mar 10, 2020","1.0000","1.0002","1.0020","0.9995","2.94M","-0.02%"
"Mar 09, 2020","1.0002","1.0004","1.0020","0.9996","3.88M","-0.04%"
"Mar 08, 2020","1.0006","1.0010","1.0020","0.9970","2.30M","-0.04%"
"Mar 07, 2020","1.0010","1.0023","1.0030","1.0008","1.21M","-0.13%"
"Mar 06, 2020","1.0023","1.0015","1.0030","1.0006","1.71M","0.08%"
"Mar 05, 2020","1.0015","1.0005","1.0023","1.0003","2.88M","0.10%"
"Mar 04, 2020","1.0005","1.0006","1.0035","0.9999","2.21M","-0.01%"
"Mar 03, 2020","1.0006","1.0004","1.0018","1.0000","1.61M","-0.01%"
"Mar 02, 2020","1.0007","0.9988","1.0010","0.9986","4.20M","0.19%"
"Mar 01, 2020","0.9988","1.0002","1.0009","0.9986","1.06M","-0.14%"
"Feb 29, 2020","1.0002","1.0020","1.0023","1.0000","1.12M","-0.12%"
"Feb 28, 2020","1.0014","0.9994","1.0024","0.9986","2.36M","0.20%"
"Feb 27, 2020","0.9994","0.9996","1.0010","0.9986","3.39M","-0.02%"
"Feb 26, 2020","0.9996","0.9993","1.0012","0.9972","2.87M","0.03%"
"Feb 25, 2020","0.9993","1.0001","1.0035","0.9991","2.15M","-0.08%"
"Feb 24, 2020","1.0001","1.0030","1.0035","0.9992","2.39M","-0.27%"
"Feb 23, 2020","1.0028","1.0017","1.0039","1.0012","1.24M","0.11%"
"Feb 22, 2020","1.0017","1.0010","1.0021","1.0006","670.33K","0.07%"
"Feb 21, 2020","1.0010","1.0008","1.0022","1.0004","1.22M","0.05%"
"Feb 20, 2020","1.0005","1.0004","1.0015","0.9985","2.83M","0.01%"
"Feb 19, 2020","1.0004","1.0022","1.0035","1.0000","3.77M","-0.18%"
"Feb 18, 2020","1.0022","1.0005","1.0035","1.0001","2.31M","0.17%"
"Feb 17, 2020","1.0005","1.0006","1.0045","1.0002","2.75M","-0.01%"
"Feb 16, 2020","1.0006","0.9995","1.0015","0.9990","2.31M","0.11%"
"Feb 15, 2020","0.9995","1.0017","1.0040","0.9987","3.15M","-0.25%"
"Feb 14, 2020","1.0020","1.0000","1.0031","0.9987","3.54M","0.20%"
"Feb 13, 2020","1.0000","1.0021","1.0031","0.9986","2.39M","-0.21%"
"Feb 12, 2020","1.0021","1.0040","1.0049","1.0008","3.80M","-0.19%"
"Feb 11, 2020","1.0040","0.9998","1.0050","0.9987","5.14M","0.42%"
"Feb 10, 2020","0.9998","1.0006","1.0020","0.9983","3.23M","-0.08%"
"Feb 09, 2020","1.0006","1.0003","1.0023","0.9994","1.83M","-0.01%"
"Feb 08, 2020","1.0007","0.9984","1.0045","0.9979","2.55M","0.23%"
"Feb 07, 2020","0.9984","0.9981","0.9988","0.9962","2.15M","0.03%"
"Feb 06, 2020","0.9981","0.9993","1.0008","0.9975","1.96M","-0.12%"
"Feb 05, 2020","0.9993","0.9969","1.0015","0.9955","3.30M","0.24%"
"Feb 04, 2020","0.9969","0.9986","0.9996","0.9960","2.44M","-0.17%"
"Feb 03, 2020","0.9986","0.9987","1.0000","0.9975","2.35M","-0.01%"
"Feb 02, 2020","0.9987","0.9990","1.0000","0.9979","1.10M","-0.03%"
"Feb 01, 2020","0.9990","0.9983","0.9996","0.9982","682.50K","0.07%"
"Jan 31, 2020","0.9983","0.9985","1.0004","0.9970","2.25M","-0.02%"
"Jan 30, 2020","0.9985","0.9979","1.0008","0.9965","3.06M","0.06%"
"Jan 29, 2020","0.9979","1.0004","1.0007","0.9973","1.45M","-0.25%"
"Jan 28, 2020","1.0004","0.9976","1.0005","0.9973","2.79M","0.28%"
"Jan 27, 2020","0.9976","0.9979","1.0000","0.9960","4.06M","-0.03%"
"Jan 26, 2020","0.9979","0.9978","0.9983","0.9965","1.10M","0.01%"
"Jan 25, 2020","0.9978","0.9982","0.9987","0.9970","1.04M","-0.04%"
"Jan 24, 2020","0.9982","0.9971","0.9991","0.9970","1.88M","0.11%"
"Jan 23, 2020","0.9971","0.9972","0.9985","0.9957","1.83M","-0.01%"
"Jan 22, 2020","0.9972","0.9982","0.9999","0.9962","1.07M","-0.10%"
"Jan 21, 2020","0.9982","0.9980","0.9991","0.9972","1.43M","0.02%"
"Jan 20, 2020","0.9980","0.9991","0.9994","0.9976","1.13M","-0.11%"
"Jan 19, 2020","0.9991","0.9994","0.9998","0.9966","1.58M","-0.03%"
"Jan 18, 2020","0.9994","0.9983","1.0000","0.9979","1.30M","0.15%"
"Jan 17, 2020","0.9979","0.9991","0.9992","0.9974","3.35M","-0.12%"
"Jan 16, 2020","0.9991","0.9990","0.9998","0.9972","2.91M","0.01%"
"Jan 15, 2020","0.9990","0.9998","1.0000","0.9945","2.96M","-0.08%"
"Jan 14, 2020","0.9998","0.9998","1.0057","0.9989","4.41M","0.00%"
"Jan 13, 2020","0.9998","0.9994","1.0000","0.9972","1.11M","0.04%"
"Jan 12, 2020","0.9994","0.9994","1.0001","0.9982","722.33K","0.00%"
"Jan 11, 2020","0.9994","0.9996","1.0010","0.9990","563.87K","-0.02%"
"Jan 10, 2020","0.9996","0.9986","1.0006","0.9973","1.33M","0.10%"
"Jan 09, 2020","0.9986","0.9993","1.0003","0.9984","1.72M","-0.07%"
"Jan 08, 2020","0.9993","1.0005","1.0015","0.9989","1.73M","-0.12%"
"Jan 07, 2020","1.0005","1.0004","1.0013","0.9985","1.60M","0.01%"
"Jan 06, 2020","1.0004","0.9991","1.0004","0.9973","1.01M","0.13%"
"Jan 05, 2020","0.9991","0.9979","0.9998","0.9979","806.22K","0.12%"
"Jan 04, 2020","0.9979","0.9984","0.9994","0.9976","718.00K","-0.05%"
"Jan 03, 2020","0.9984","0.9970","0.9995","0.9960","1.99M","0.14%"
"Jan 02, 2020","0.9970","0.9970","0.9979","0.9952","862.22K","0.00%"
"Jan 01, 2020","0.9970","0.9963","0.9978","0.9960","262.41K","0.07%"
"Dec 31, 2019","0.9963","0.9966","0.9980","0.9960","782.20K","-0.03%"
"Dec 30, 2019","0.9966","0.9988","0.9988","0.9964","2.01M","-0.21%"
"Dec 29, 2019","0.9987","0.9979","0.9994","0.9974","974.55K","0.08%"
"Dec 28, 2019","0.9979","0.9987","0.9995","0.9971","1.52M","-0.08%"
"Dec 27, 2019","0.9987","0.9986","0.9988","0.9960","2.24M","0.01%"
"Dec 26, 2019","0.9986","0.9986","0.9991","0.9971","1.26M","0.00%"
"Dec 25, 2019","0.9986","0.9992","0.9997","0.9982","884.21K","-0.06%"
"Dec 24, 2019","0.9992","0.9996","1.0001","0.9975","1.41M","-0.04%"
"Dec 23, 2019","0.9996","1.0006","1.0015","0.9989","1.63M","-0.10%"
"Dec 22, 2019","1.0006","1.0004","1.0009","0.9998","440.14K","0.02%"
"Dec 21, 2019","1.0004","1.0003","1.0014","0.9999","1.33M","0.01%"
"Dec 20, 2019","1.0003","0.9997","1.0008","0.9985","2.16M","0.06%"
"Dec 19, 2019","0.9997","1.0011","1.0014","0.9970","2.19M","-0.14%"
"Dec 18, 2019","1.0011","0.9987","1.0011","0.9970","2.69M","0.22%"
"Dec 17, 2019","0.9989","0.9983","1.0008","0.9977","2.45M","0.06%"
"Dec 16, 2019","0.9983","0.9993","0.9999","0.9975","3.22M","-0.10%"
"Dec 15, 2019","0.9993","0.9996","0.9998","0.9988","486.84K","-0.03%"
"Dec 14, 2019","0.9996","0.9993","1.0001","0.9989","773.87K","0.03%"
"Dec 13, 2019","0.9993","0.9987","0.9999","0.9981","843.27K","0.06%"
"Dec 12, 2019","0.9987","0.9991","1.0006","0.9981","3.04M","-0.04%"
"Dec 11, 2019","0.9991","0.9996","0.9998","0.9975","3.63M","-0.05%"
"Dec 10, 2019","0.9996","0.9992","1.0003","0.9981","3.14M","0.04%"
"Dec 09, 2019","0.9992","1.0017","1.0026","0.9990","2.21M","-0.25%"
"Dec 08, 2019","1.0017","1.0015","1.0027","1.0005","581.99K","0.02%"
"Dec 07, 2019","1.0015","1.0014","1.0020","1.0009","423.98K","0.01%"
"Dec 06, 2019","1.0014","1.0004","1.0018","0.9990","2.43M","0.10%"
"Dec 05, 2019","1.0004","1.0000","1.0011","0.9994","2.57M","0.04%"
"Dec 04, 2019","1.0000","1.0011","1.0020","0.9996","2.11M","-0.11%"
"Dec 03, 2019","1.0011","1.0014","1.0019","0.9997","1.79M","-0.03%"
"Dec 02, 2019","1.0014","1.0012","1.0014","0.9995","935.49K","0.02%"
"Dec 01, 2019","1.0012","1.0010","1.0013","1.0000","701.73K","0.02%"
"Nov 30, 2019","1.0010","1.0009","1.0015","1.0000","613.67K","0.01%"
"Nov 29, 2019","1.0009","1.0014","1.0015","1.0000","1.18M","-0.05%"
"Nov 28, 2019","1.0014","1.0007","1.0015","1.0000","1.85M","0.07%"
"Nov 27, 2019","1.0007","1.0010","1.0019","0.9990","2.29M","-0.03%"
"Nov 26, 2019","1.0010","1.0010","1.0010","0.9991","1.83M","0.00%"
"Nov 25, 2019","1.0010","1.0008","1.0019","0.9990","2.90M","0.02%"
"Nov 24, 2019","1.0008","1.0012","1.0019","1.0008","442.56K","-0.04%"
"Nov 23, 2019","1.0012","1.0011","1.0019","1.0000","1.56M","0.01%"
"Nov 22, 2019","1.0011","0.9984","1.0019","0.9975","2.93M","0.27%"
"Nov 21, 2019","0.9984","0.9982","0.9995","0.9967","1.88M","0.02%"
"Nov 20, 2019","0.9982","0.9985","0.9996","0.9975","1.85M","-0.06%"
"Nov 19, 2019","0.9988","0.9980","0.9992","0.9974","1.28M","0.08%"
"Nov 18, 2019","0.9980","0.9999","1.0000","0.9970","3.00M","-0.19%"
"Nov 17, 2019","0.9999","0.9994","1.0000","0.9988","428.25K","0.05%"
"Nov 16, 2019","0.9994","0.9990","1.0000","0.9980","724.88K","0.04%"
"Nov 15, 2019","0.9990","0.9986","1.0000","0.9971","1.63M","0.04%"
"Nov 14, 2019","0.9986","0.9980","0.9991","0.9965","2.19M","0.06%"
"Nov 13, 2019","0.9980","0.9992","1.0000","0.9973","2.33M","-0.12%"
"Nov 12, 2019","0.9992","0.9985","0.9998","0.9970","1.56M","0.07%"
"Nov 11, 2019","0.9985","0.9998","1.0000","0.9980","619.85K","-0.13%"
"Nov 10, 2019","0.9998","0.9995","1.0004","0.9992","563.33K","0.03%"
"Nov 09, 2019","0.9995","0.9988","1.0002","0.9985","792.76K","0.07%"
"Nov 08, 2019","0.9988","0.9992","0.9995","0.9970","3.63M","-0.04%"
"Nov 07, 2019","0.9992","0.9998","1.0002","0.9984","1.61M","-0.06%"
"Nov 06, 2019","0.9998","1.0010","1.0015","0.9995","1.05M","-0.12%"
"Nov 05, 2019","1.0010","1.0017","1.0019","0.9999","2.23M","-0.07%"
"Nov 04, 2019","1.0017","1.0008","1.0017","1.0000","2.84M","0.09%"
"Nov 03, 2019","1.0008","1.0011","1.0014","1.0005","669.15K","-0.03%"
"Nov 02, 2019","1.0011","1.0010","1.0013","1.0007","1.16M","0.01%"
"Nov 01, 2019","1.0010","1.0007","1.0014","1.0000","1.68M","0.03%"
"Oct 31, 2019","1.0007","1.0011","1.0022","1.0000","1.76M","-0.04%"
"Oct 30, 2019","1.0011","1.0019","1.0029","1.0000","1.46M","-0.08%"
"Oct 29, 2019","1.0019","1.0018","1.0029","1.0001","1.05M","0.01%"
"Oct 28, 2019","1.0018","1.0025","1.0040","1.0005","1.82M","-0.07%"
"Oct 27, 2019","1.0025","1.0031","1.0036","1.0015","2.52M","-0.06%"
"Oct 26, 2019","1.0031","1.0009","1.0050","0.9992","3.81M","0.22%"
"Oct 25, 2019","1.0009","1.0014","1.0030","1.0004","2.17M","-0.05%"
"Oct 24, 2019","1.0014","1.0003","1.0024","0.9998","1.40M","0.11%"
"Oct 23, 2019","1.0003","1.0007","1.0024","0.9990","1.97M","-0.04%"
"Oct 22, 2019","1.0007","1.0017","1.0027","1.0003","1.64M","-0.10%"
"Oct 21, 2019","1.0017","1.0013","1.0026","1.0007","1.51M","0.04%"
"Oct 20, 2019","1.0013","1.0007","1.0017","1.0004","300.46K","0.06%"
"Oct 19, 2019","1.0007","1.0008","1.0020","1.0003","1.00M","-0.01%"
"Oct 18, 2019","1.0008","1.0004","1.0014","0.9995","1.16M","0.04%"
"Oct 17, 2019","1.0004","1.0000","1.0015","0.9996","1.45M","0.04%"
"Oct 16, 2019","1.0000","1.0003","1.0008","0.9988","1.67M","-0.03%"
"Oct 15, 2019","1.0003","1.0005","1.0011","0.9999","1.13M","-0.02%"
"Oct 14, 2019","1.0005","1.0001","1.0008","0.9994","1.98M","0.04%"
"Oct 13, 2019","1.0001","1.0006","1.0019","1.0001","1.85M","-0.05%"
"Oct 12, 2019","1.0006","1.0006","1.0013","0.9998","714.82K","0.00%"
"Oct 11, 2019","1.0006","1.0030","1.0030","0.9990","2.91M","-0.24%"
"Oct 10, 2019","1.0030","1.0015","1.0030","1.0012","3.09M","0.15%"
"Oct 09, 2019","1.0015","1.0008","1.0023","0.9990","3.31M","0.07%"
"Oct 08, 2019","1.0008","1.0020","1.0024","1.0001","1.22M","-0.12%"
"Oct 07, 2019","1.0020","1.0010","1.0025","0.9996","1.78M","0.10%"
"Oct 06, 2019","1.0010","1.0021","1.0028","1.0002","737.93K","-0.11%"
"Oct 05, 2019","1.0021","1.0019","1.0031","1.0013","796.22K","0.02%"
"Oct 04, 2019","1.0019","1.0022","1.0025","1.0002","1.14M","-0.03%"
"Oct 03, 2019","1.0022","1.0023","1.0025","1.0006","1.28M","-0.01%"
"Oct 02, 2019","1.0023","1.0027","1.0030","1.0006","883.27K","-0.04%"
"Oct 01, 2019","1.0027","1.0022","1.0040","1.0004","2.33M","0.05%"
"Sep 30, 2019","1.0022","1.0009","1.0033","0.9997","1.82M","0.13%"
"Sep 29, 2019","1.0009","1.0013","1.0025","1.0002","1.13M","-0.04%"
"Sep 28, 2019","1.0013","1.0020","1.0025","0.9990","994.49K","-0.07%"
"Sep 27, 2019","1.0020","0.9999","1.0040","0.9990","3.07M","0.21%"
"Sep 26, 2019","0.9999","1.0005","1.0008","0.9987","1.31M","-0.06%"
"Sep 25, 2019","1.0005","1.0028","1.0030","0.9990","2.41M","-0.23%"
"Sep 24, 2019","1.0028","0.9993","1.0090","0.9960","5.45M","0.35%"
"Sep 23, 2019","0.9993","0.9999","1.0010","0.9981","1.90M","-0.06%"
"Sep 22, 2019","0.9999","0.9998","1.0003","0.9986","675.55K","0.01%"
"Sep 21, 2019","0.9998","1.0000","1.0007","0.9990","451.99K","-0.02%"
"Sep 20, 2019","1.0000","1.0025","1.0040","0.9991","1.47M","-0.25%"
"Sep 19, 2019","1.0025","1.0002","1.0040","0.9985","3.10M","0.23%"
"Sep 18, 2019","1.0002","1.0006","1.0045","0.9995","1.92M","-0.04%"
"Sep 17, 2019","1.0006","1.0017","1.0025","0.9997","1.89M","-0.11%"
"Sep 16, 2019","1.0017","1.0010","1.0025","1.0006","3.72M","0.07%"
"Sep 15, 2019","1.0010","1.0024","1.0029","1.0010","382.69K","-0.14%"
"Sep 14, 2019","1.0024","1.0021","1.0027","1.0006","839.77K","0.03%"
"Sep 13, 2019","1.0021","1.0014","1.0035","1.0002","3.20M","0.07%"
"Sep 12, 2019","1.0014","1.0008","1.0025","1.0001","2.31M","0.06%"
"Sep 11, 2019","1.0008","0.9991","1.0013","0.9989","1.31M","0.18%"
"Sep 10, 2019","0.9990","1.0008","1.0009","0.9990","873.35K","-0.18%"
"Sep 09, 2019","1.0008","1.0020","1.0021","0.9993","901.73K","-0.12%"
"Sep 08, 2019","1.0020","1.0018","1.0040","1.0015","872.93K","0.02%"
"Sep 07, 2019","1.0018","1.0009","1.0025","1.0004","326.48K","0.09%"
"Sep 06, 2019","1.0009","1.0006","1.0031","0.9995","1.29M","0.03%"
"Sep 05, 2019","1.0006","1.0014","1.0030","1.0004","782.39K","-0.08%"
"Sep 04, 2019","1.0014","1.0016","1.0038","0.9999","1.89M","-0.02%"
"Sep 03, 2019","1.0016","1.0027","1.0028","0.9999","1.22M","-0.10%"
"Sep 02, 2019","1.0026","1.0024","1.0029","1.0002","1.97M","0.02%"
"Sep 01, 2019","1.0024","1.0002","1.0027","1.0002","3.01M","0.22%"
"Aug 31, 2019","1.0002","1.0001","1.0013","0.9995","2.72M","0.01%"
"Aug 30, 2019","1.0001","0.9991","1.0008","0.9986","2.11M","0.10%"
"Aug 29, 2019","0.9991","0.9997","1.0003","0.9981","3.74M","-0.06%"
"Aug 28, 2019","0.9997","0.9987","1.0016","0.9961","2.83M","0.10%"
"Aug 27, 2019","0.9987","0.9991","1.0001","0.9980","968.78K","-0.04%"
"Aug 26, 2019","0.9991","0.9999","1.0030","0.9980","2.42M","-0.08%"
"Aug 25, 2019","0.9999","1.0007","1.0018","0.9995","1.50M","-0.08%"
"Aug 24, 2019","1.0007","1.0015","1.0017","0.9995","1.32M","-0.08%"
"Aug 23, 2019","1.0015","1.0000","1.0028","1.0000","1.82M","0.15%"
"Aug 22, 2019","1.0000","0.9981","1.0020","0.9980","1.99M","0.19%"
"Aug 21, 2019","0.9981","1.0006","1.0006","0.9968","1.75M","-0.25%"
"Aug 20, 2019","1.0006","1.0003","1.0036","0.9998","1.49M","0.03%"
"Aug 19, 2019","1.0003","1.0005","1.0027","1.0002","1.12M","-0.02%"
"Aug 18, 2019","1.0005","1.0004","1.0013","0.9998","330.36K","0.01%"
"Aug 17, 2019","1.0004","1.0013","1.0017","0.9989","250.17K","-0.09%"
"Aug 16, 2019","1.0013","0.9997","1.0050","0.9972","2.49M","0.16%"
"Aug 15, 2019","0.9997","0.9969","1.0017","0.9949","2.17M","0.28%"
"Aug 14, 2019","0.9969","0.9969","0.9984","0.9936","1.33M","0.00%"
"Aug 13, 2019","0.9969","0.9986","0.9993","0.9955","1.35M","-0.17%"
"Aug 12, 2019","0.9986","0.9989","0.9999","0.9970","1.35M","0.00%"
"Aug 11, 2019","0.9986","0.9969","0.9990","0.9967","736.12K","0.17%"
"Aug 10, 2019","0.9969","0.9987","1.0008","0.9955","1.74M","-0.18%"
"Aug 09, 2019","0.9987","0.9990","1.0014","0.9960","3.00M","-0.03%"
"Aug 08, 2019","0.9990","0.9988","1.0002","0.9965","2.20M","0.02%"
"Aug 07, 2019","0.9988","0.9991","1.0005","0.9976","2.44M","-0.03%"
"Aug 06, 2019","0.9991","1.0000","1.0025","0.9980","4.18M","-0.09%"
"Aug 05, 2019","1.0000","1.0028","1.0030","0.9995","3.20M","-0.28%"
"Aug 04, 2019","1.0028","1.0006","1.0030","1.0006","726.31K","0.22%"
"Aug 03, 2019","1.0006","1.0006","1.0018","0.9997","1.29M","0.00%"
"Aug 02, 2019","1.0006","1.0016","1.0021","0.9999","2.24M","-0.10%"
"Aug 01, 2019","1.0016","1.0003","1.0026","0.9992","1.06M","0.13%"
"Jul 31, 2019","1.0003","1.0008","1.0026","0.9991","996.03K","-0.05%"
"Jul 30, 2019","1.0008","0.9977","1.0027","0.9976","1.47M","0.31%"
"Jul 29, 2019","0.9977","0.9999","1.0000","0.9947","1.71M","-0.22%"
"Jul 28, 2019","0.9999","0.9989","1.0000","0.9950","1.60M","0.10%"
"Jul 27, 2019","0.9989","1.0012","1.0040","0.9964","2.94M","-0.23%"
"Jul 26, 2019","1.0012","1.0000","1.0024","0.9991","2.13M","0.12%"
"Jul 25, 2019","1.0000","1.0003","1.0029","0.9991","1.98M","-0.03%"
"Jul 24, 2019","1.0003","1.0000","1.0009","0.9977","1.57M","0.03%"
"Jul 23, 2019","1.0000","0.9985","1.0012","0.9980","1.29M","0.15%"
"Jul 22, 2019","0.9985","1.0005","1.0030","0.9971","1.34M","-0.20%"
"Jul 21, 2019","1.0005","1.0019","1.0024","0.9993","1.53M","-0.14%"
"Jul 20, 2019","1.0019","1.0021","1.0036","1.0009","2.78M","-0.02%"
"Jul 19, 2019","1.0021","1.0029","1.0045","0.9992","2.48M","-0.08%"
"Jul 18, 2019","1.0029","1.0029","1.0045","0.9975","2.89M","0.00%"
"Jul 17, 2019","1.0029","1.0002","1.0030","0.9971","2.47M","0.27%"
"Jul 16, 2019","1.0002","1.0005","1.0030","0.9960","4.55M","-0.03%"
"Jul 15, 2019","1.0005","1.0010","1.0050","0.9994","1.95M","-0.05%"
"Jul 14, 2019","1.0010","1.0018","1.0019","0.9950","2.12M","-0.08%"
"Jul 13, 2019","1.0018","1.0036","1.0045","0.9967","2.34M","-0.18%"
"Jul 12, 2019","1.0036","1.0004","1.0040","0.9980","1.47M","0.32%"
"Jul 11, 2019","1.0004","0.9989","1.0040","0.9985","2.98M","0.15%"
"Jul 10, 2019","0.9989","1.0019","1.0035","0.9965","2.33M","-0.30%"
"Jul 09, 2019","1.0019","1.0036","1.0067","0.9999","3.23M","-0.17%"
"Jul 08, 2019","1.0036","1.0049","1.0075","1.0000","2.16M","-0.13%"
"Jul 07, 2019","1.0049","0.9996","1.0058","0.9992","1.86M","0.53%"
"Jul 06, 2019","0.9996","1.0014","1.0050","0.9996","2.02M","-0.18%"
"Jul 05, 2019","1.0014","0.9990","1.0035","0.9970","1.89M","0.24%"
"Jul 04, 2019","0.9990","1.0021","1.0046","0.9990","2.90M","-0.37%"
"Jul 03, 2019","1.0027","0.9993","1.0046","0.9986","7.07M","0.34%"
"Jul 02, 2019","0.9993","0.9968","1.0000","0.9910","4.44M","0.25%"
"Jul 01, 2019","0.9968","0.9900","0.9980","0.9850","2.24M","0.69%"
"Jun 30, 2019","0.9900","0.9967","0.9997","0.9870","2.57M","-0.67%"
"Jun 29, 2019","0.9967","0.9960","0.9994","0.9754","2.79M","0.07%"
"Jun 28, 2019","0.9960","0.9852","0.9998","0.9751","3.09M","1.10%"
"Jun 27, 2019","0.9852","0.9900","0.9999","0.9730","6.67M","-0.48%"
"Jun 26, 2019","0.9900","0.9950","0.9999","0.9900","7.28M","-0.50%"
"Jun 25, 2019","0.9950","0.9964","0.9999","0.9921","2.19M","-0.14%"
"Jun 24, 2019","0.9964","0.9922","1.0008","0.9910","1.55M","0.42%"
"Jun 23, 2019","0.9922","0.9950","0.9976","0.9900","3.14M","-0.28%"
"Jun 22, 2019","0.9950","1.0028","1.0042","0.9941","5.70M","-0.78%"
"Jun 21, 2019","1.0028","1.0020","1.0030","1.0000","3.06M","0.08%"
"Jun 20, 2019","1.0020","1.0022","1.0025","1.0013","3.13M","-0.02%"
"Jun 19, 2019","1.0022","0.9997","1.0025","0.9993","2.17M","0.25%"
"Jun 18, 2019","0.9997","1.0028","1.0030","0.9989","3.63M","-0.31%"
"Jun 17, 2019","1.0028","1.0016","1.0044","1.0000","5.34M","0.17%"
"Jun 16, 2019","1.0011","1.0043","1.0066","1.0000","3.85M","-0.32%"
"Jun 15, 2019","1.0043","1.0047","1.0054","1.0034","2.06M","-0.04%"
"Jun 14, 2019","1.0047","1.0021","1.0048","1.0014","5.93M","0.26%"
"Jun 13, 2019","1.0021","1.0035","1.0037","1.0015","4.66M","-0.14%"
"Jun 12, 2019","1.0035","1.0033","1.0070","1.0025","8.34M","0.02%"
"Jun 11, 2019","1.0033","1.0039","1.0050","1.0020","4.77M","-0.06%"
"Jun 10, 2019","1.0039","1.0016","1.0049","1.0011","2.29M","0.23%"
"Jun 09, 2019","1.0016","1.0038","1.0040","1.0010","2.24M","-0.22%"
"Jun 08, 2019","1.0038","1.0024","1.0041","1.0019","897.46K","0.14%"
"Jun 07, 2019","1.0024","1.0024","1.0045","1.0013","2.89M","0.00%"
"Jun 06, 2019","1.0024","1.0016","1.0041","1.0004","3.31M","0.08%"
"Jun 05, 2019","1.0016","0.9980","1.0029","0.9976","3.96M","0.36%"
"Jun 04, 2019","0.9980","0.9994","1.0006","0.9942","8.44M","-0.14%"
"Jun 03, 2019","0.9994","1.0005","1.0023","0.9976","5.83M","-0.11%"
"Jun 02, 2019","1.0005","1.0007","1.0034","1.0004","2.57M","-0.02%"
"Jun 01, 2019","1.0007","1.0005","1.0021","0.9985","3.22M","0.02%"
"May 31, 2019","1.0005","1.0009","1.0011","0.9961","3.35M","-0.04%"
"May 30, 2019","1.0009","1.0016","1.0026","1.0000","6.14M","-0.12%"
"May 29, 2019","1.0021","1.0012","1.0029","0.9983","4.53M","0.09%"
"May 28, 2019","1.0012","1.0020","1.0044","1.0003","1.82M","-0.08%"
"May 27, 2019","1.0020","1.0097","1.0110","1.0006","8.36M","-0.76%"
"May 26, 2019","1.0097","1.0046","1.0152","1.0022","8.48M","0.51%"
"May 25, 2019","1.0046","1.0033","1.0070","1.0005","3.97M","0.13%"
"May 24, 2019","1.0033","1.0037","1.0070","1.0025","4.21M","-0.04%"
"May 23, 2019","1.0037","1.0003","1.0041","1.0000","2.53M","0.34%"
"May 22, 2019","1.0003","1.0044","1.0047","0.9993","3.53M","-0.41%"
"May 21, 2019","1.0044","1.0060","1.0081","1.0030","4.31M","-0.16%"
"May 20, 2019","1.0060","1.0053","1.0061","0.9990","4.36M","0.07%"
"May 19, 2019","1.0053","1.0026","1.0082","1.0012","6.27M","0.27%"
"May 18, 2019","1.0026","1.0015","1.0045","1.0001","2.10M","0.11%"
"May 17, 2019","1.0015","1.0004","1.0045","0.9890","7.34M","0.11%"
"May 16, 2019","1.0004","1.0039","1.0069","0.9959","5.45M","-0.35%"
"May 15, 2019","1.0039","0.9986","1.0050","0.9980","4.04M","0.53%"
"May 14, 2019","0.9986","1.0016","1.0046","0.9936","10.94M","-0.31%"
"May 13, 2019","1.0017","1.0006","1.0079","0.9951","11.80M","0.11%"
"May 12, 2019","1.0006","1.0039","1.0080","0.9967","12.14M","-0.33%"
"May 11, 2019","1.0039","0.9945","1,000.0000","0.9945","6.50M","0.95%"
"May 10, 2019","0.9945","0.9946","1.0025","0.9931","4.41M","-0.01%"
"May 09, 2019","0.9946","0.9917","0.9970","0.9917","2.58M","0.29%"
"May 08, 2019","0.9917","0.9852","0.9936","0.9830","1.60M","0.68%"
"May 07, 2019","0.9850","0.9900","0.9941","0.9850","3.94M","-0.51%"
"May 06, 2019","0.9900","0.9908","0.9920","0.9874","2.98M","-0.08%"
"May 05, 2019","0.9908","0.9905","0.9930","0.9885","1.15M","0.03%"
"May 04, 2019","0.9905","0.9830","0.9950","0.9813","3.08M","0.76%"
"May 03, 2019","0.9830","0.9807","0.9940","0.9778","4.26M","0.23%"
"May 02, 2019","0.9807","0.9865","0.9895","0.9800","2.52M","-0.59%"
"May 01, 2019","0.9865","0.9896","0.9950","0.9856","3.70M","-0.31%"
"Apr 30, 2019","0.9896","0.9835","0.9948","0.9832","5.60M","0.62%"
"Apr 29, 2019","0.9835","0.9702","0.9885","0.9702","4.98M","1.37%"
"Apr 28, 2019","0.9702","0.9760","0.9770","0.9701","3.79M","-0.59%"
"Apr 27, 2019","0.9760","0.9708","0.9772","0.9600","2.36M","0.54%"
"Apr 26, 2019","0.9708","0.9810","0.9813","0.9551","10.24M","-1.04%"
"Apr 25, 2019","0.9810","1.0032","1.0034","0.9768","11.98M","-2.21%"
"Apr 24, 2019","1.0032","1.0048","1.0060","1.0030","17.02M","-0.16%"
"Apr 23, 2019","1.0048","1.0040","1.0054","1.0026","9.06M","0.08%"
"Apr 22, 2019","1.0040","1.0042","1.0060","1.0030","7.78M","-0.02%"
"Apr 21, 2019","1.0042","1.0031","1.0054","1.0028","2.82M","0.11%"
"Apr 20, 2019","1.0031","1.0033","1.0050","1.0021","1.32M","-0.02%"
"Apr 19, 2019","1.0033","1.0033","1.0055","1.0020","3.31M","0.00%"
"Apr 18, 2019","1.0033","1.0026","1.0043","1.0020","2.81M","0.07%"
"Apr 17, 2019","1.0026","1.0033","1.0052","1.0025","5.37M","-0.07%"
"Apr 16, 2019","1.0033","1.0005","1.0056","1.0005","3.92M","0.28%"
"Apr 15, 2019","1.0005","1.0035","1.0048","1.0005","5.49M","-0.30%"
"Apr 14, 2019","1.0035","1.0032","1.0037","1.0021","1.31M","0.03%"
"Apr 13, 2019","1.0032","1.0031","1.0041","1.0020","982.55K","0.01%"
"Apr 12, 2019","1.0031","1.0040","1.0058","1.0025","11.80M","-0.09%"
"Apr 11, 2019","1.0040","1.0021","1.0067","1.0015","12.35M","0.19%"
"Apr 10, 2019","1.0021","1.0065","1.0068","1.0013","14.99M","-0.44%"
"Apr 09, 2019","1.0065","1.0065","1.0100","1.0051","16.69M","0.00%"
"Apr 08, 2019","1.0065","1.0030","1.0127","1.0001","10.30M","0.35%"
"Apr 07, 2019","1.0030","1.0001","1.0055","1.0001","742.77K","0.29%"
"Apr 06, 2019","1.0001","1.0055","1.0065","1.0001","1.48M","-0.54%"
"Apr 05, 2019","1.0055","1.0020","1.0059","1.0000","3.43M","0.35%"
"Apr 04, 2019","1.0020","1.0056","1.0083","1.0001","5.93M","-0.36%"
"Apr 03, 2019","1.0056","1.0075","1.0170","1.0025","8.84M","-0.19%"
"Apr 02, 2019","1.0075","0.9980","1.0200","0.9970","8.43M","0.95%"
"Apr 01, 2019","0.9980","0.9975","0.9980","0.9953","1.53M","0.05%"
"Mar 31, 2019","0.9975","0.9968","0.9980","0.9943","326.57K","0.07%"
"Mar 30, 2019","0.9968","0.9966","0.9986","0.9942","773.85K","0.02%"
"Mar 29, 2019","0.9966","0.9958","0.9976","0.9927","2.65M","0.08%"
"Mar 28, 2019","0.9958","0.9965","0.9974","0.9952","1.49M","-0.07%"
"Mar 27, 2019","0.9965","0.9944","0.9982","0.9940","2.10M","0.21%"
"Mar 26, 2019","0.9944","0.9935","0.9957","0.9930","510.57K","0.09%"
"Mar 25, 2019","0.9935","0.9953","0.9970","0.9930","1.09M","-0.15%"
"Mar 24, 2019","0.9950","0.9956","0.9960","0.9950","917.48K","-0.06%"
"Mar 23, 2019","0.9956","0.9975","0.9990","0.9956","1.25M","-0.19%"
"Mar 22, 2019","0.9975","0.9975","1.0000","0.9963","2.04M","0.00%"
"Mar 21, 2019","0.9975","0.9970","1.0001","0.9960","5.67M","0.05%"
"Mar 20, 2019","0.9970","0.9958","0.9976","0.9941","1.05M","0.12%"
"Mar 19, 2019","0.9958","0.9954","0.9969","0.9935","1.10M","0.04%"
"Mar 18, 2019","0.9954","0.9953","0.9970","0.9935","1.76M","0.01%"
"Mar 17, 2019","0.9953","0.9959","0.9970","0.9941","533.41K","-0.06%"
"Mar 16, 2019","0.9959","0.9947","0.9970","0.9925","2.13M","0.12%"
"Mar 15, 2019","0.9947","0.9944","0.9955","0.9913","1.29M","0.03%"
"Mar 14, 2019","0.9944","0.9957","0.9979","0.9931","3.11M","-0.13%"
"Mar 13, 2019","0.9957","0.9945","0.9965","0.9925","1.11M","0.12%"
"Mar 12, 2019","0.9945","0.9950","0.9960","0.9930","897.92K","-0.05%"
"Mar 11, 2019","0.9950","0.9952","0.9965","0.9934","1.19M","-0.02%"
"Mar 10, 2019","0.9952","0.9944","0.9965","0.9933","318.66K","0.08%"
"Mar 09, 2019","0.9944","0.9934","0.9961","0.9932","558.75K","0.10%"
"Mar 08, 2019","0.9934","0.9953","0.9966","0.9930","1.12M","-0.19%"
"Mar 07, 2019","0.9953","0.9960","0.9973","0.9945","1.62M","-0.07%"
"Mar 06, 2019","0.9960","0.9970","0.9975","0.9949","1.87M","-0.10%"
"Mar 05, 2019","0.9970","0.9959","0.9980","0.9940","4.43M","0.11%"
"Mar 04, 2019","0.9959","0.9942","0.9978","0.9935","1.77M","0.17%"
"Mar 03, 2019","0.9942","0.9968","0.9968","0.9939","1.18M","-0.26%"
"Mar 02, 2019","0.9968","0.9954","0.9968","0.9943","381.32K","0.14%"
"Mar 01, 2019","0.9954","0.9950","0.9961","0.9920","2.02M","0.04%"
"Feb 28, 2019","0.9950","0.9943","0.9980","0.9939","2.24M","0.07%"
"Feb 27, 2019","0.9943","0.9967","0.9983","0.9939","2.58M","-0.24%"
"Feb 26, 2019","0.9967","0.9960","0.9989","0.9938","1.17M","0.00%"
"Feb 25, 2019","0.9967","0.9971","0.9976","0.9919","3.39M","-0.04%"
"Feb 24, 2019","0.9971","0.9984","0.9988","0.9930","4.82M","-0.13%"
"Feb 23, 2019","0.9984","0.9929","0.9987","0.9915","4.00M","0.55%"
"Feb 22, 2019","0.9929","0.9896","0.9950","0.9890","2.26M","0.33%"
"Feb 21, 2019","0.9896","0.9910","0.9936","0.9894","2.15M","-0.14%"
"Feb 20, 2019","0.9910","0.9921","0.9965","0.9900","2.39M","-0.11%"
"Feb 19, 2019","0.9921","0.9920","0.9970","0.9910","2.06M","0.01%"
"Feb 18, 2019","0.9920","0.9889","0.9968","0.9861","5.01M","0.31%"
"Feb 17, 2019","0.9889","0.9899","0.9904","0.9875","2.85M","-0.10%"
"Feb 16, 2019","0.9899","0.9901","0.9921","0.9895","1.66M","-0.02%"
"Feb 15, 2019","0.9901","0.9903","0.9918","0.9889","2.01M","-0.02%"
"Feb 14, 2019","0.9903","0.9891","0.9917","0.9885","3.72M","0.11%"
"Feb 13, 2019","0.9892","0.9883","0.9915","0.9877","1.92M","0.09%"
"Feb 12, 2019","0.9883","0.9877","0.9917","0.9852","2.19M","0.06%"
"Feb 11, 2019","0.9877","0.9918","0.9929","0.9869","2.43M","-0.41%"
"Feb 10, 2019","0.9918","0.9889","0.9923","0.9880","1.52M","0.29%"
"Feb 09, 2019","0.9889","0.9895","0.9906","0.9875","1.51M","-0.06%"
"Feb 08, 2019","0.9895","0.9885","0.9936","0.9858","6.23M","0.10%"
"Feb 07, 2019","0.9885","0.9884","0.9897","0.9867","1.80M","0.00%"
"Feb 06, 2019","0.9885","0.9881","0.9965","0.9862","3.12M","0.04%"
"Feb 05, 2019","0.9881","0.9851","0.9900","0.9844","2.01M","0.30%"
"Feb 04, 2019","0.9851","0.9882","0.9891","0.9847","986.92K","-0.31%"
"Feb 03, 2019","0.9882","0.9899","0.9920","0.9869","612.73K","-0.17%"
"Feb 02, 2019","0.9899","0.9915","0.9950","0.9894","463.33K","-0.16%"
"Feb 01, 2019","0.9915","0.9940","0.9948","0.9862","1.45M","-0.25%"
"Jan 31, 2019","0.9940","0.9933","0.9968","0.9914","2.54M","0.08%"
"Jan 30, 2019","0.9932","0.9950","0.9998","0.9926","1.93M","-0.18%"
"Jan 29, 2019","0.9950","0.9990","1.0000","0.9943","1.92M","-0.40%"
"Jan 28, 2019","0.9990","0.9942","1.0000","0.9930","1.90M","0.48%"
"Jan 27, 2019","0.9942","0.9966","0.9975","0.9936","552.11K","-0.24%"
"Jan 26, 2019","0.9966","0.9976","1.0020","0.9962","293.92K","-0.10%"
"Jan 25, 2019","0.9976","1.0008","1.0008","0.9963","848.94K","-0.32%"
"Jan 24, 2019","1.0008","1.0012","1.0020","0.9980","1.35M","-0.04%"
"Jan 23, 2019","1.0012","1.0008","1.0019","0.9992","1.98M","0.04%"
"Jan 22, 2019","1.0008","1.0016","1.0030","1.0000","2.26M","-0.08%"
"Jan 21, 2019","1.0016","1.0002","1.0025","0.9989","1.26M","0.14%"
"Jan 20, 2019","1.0002","1.0036","1.0042","0.9969","1.70M","-0.34%"
"Jan 19, 2019","1.0036","1.0025","1.0055","1.0023","5.51M","0.11%"
"Jan 18, 2019","1.0025","1.0049","1.0053","1.0025","4.64M","-0.24%"
"Jan 17, 2019","1.0049","1.0034","1.0050","1.0014","9.00M","0.15%"
"Jan 16, 2019","1.0034","1.0062","1.0071","1.0032","7.04M","-0.28%"
"Jan 15, 2019","1.0062","1.0089","1.0093","1.0059","8.65M","-0.27%"
"Jan 14, 2019","1.0089","1.0081","1.0090","1.0056","11.78M","0.08%"
"Jan 13, 2019","1.0081","1.0085","1.0096","1.0077","3.72M","-0.04%"
"Jan 12, 2019","1.0085","1.0077","1.0094","1.0072","2.60M","0.08%"
"Jan 11, 2019","1.0077","1.0098","1.0109","1.0044","17.07M","-0.20%"
"Jan 10, 2019","1.0097","1.0068","1.0110","1.0015","12.37M","0.29%"
"Jan 09, 2019","1.0068","1.0064","1.0081","1.0035","8.94M","0.04%"
"Jan 08, 2019","1.0064","1.0057","1.0080","1.0051","8.08M","0.07%"
"Jan 07, 2019","1.0057","1.0110","1.0136","1.0050","2.24M","-0.52%"
"Jan 06, 2019","1.0110","1.0051","1.0148","1.0030","4.25M","0.59%"
"Jan 05, 2019","1.0051","1.0059","1.0100","1.0043","2.67M","-0.08%"
"Jan 04, 2019","1.0059","1.0050","1.0079","1.0000","5.23M","0.09%"
"Jan 03, 2019","1.0050","1.0070","1.0095","1.0010","3.38M","-0.20%"
"Jan 02, 2019","1.0070","1.0054","1.0100","1.0026","3.90M","0.16%"
"Jan 01, 2019","1.0054","0.9991","1.0065","0.9970","1.26M","0.63%"
"Dec 31, 2018","0.9991","1.0075","1.0088","0.9991","2.24M","-0.83%"
"Dec 30, 2018","1.0075","1.0097","1.0110","1.0041","1.78M","-0.22%"
"Dec 29, 2018","1.0097","1.0112","1.0177","1.0042","2.68M","-0.15%"
"Dec 28, 2018","1.0112","1.0061","1.0171","1.0030","5.89M","0.51%"
"Dec 27, 2018","1.0061","1.0073","1.0078","1.0040","2.01M","-0.12%"
"Dec 26, 2018","1.0073","1.0099","1.0108","1.0056","911.96K","-0.26%"
"Dec 25, 2018","1.0099","1.0050","1.0125","1.0020","1.86M","0.49%"
"Dec 24, 2018","1.0050","1.0031","1.0104","1.0024","3.78M","0.19%"
"Dec 23, 2018","1.0031","1.0078","1.0090","1.0019","1.27M","-0.47%"
"Dec 22, 2018","1.0078","1.0004","1.0082","0.9986","2.41M","0.74%"
"Dec 21, 2018","1.0004","1.0065","1.0099","1.0000","3.33M","-0.61%"
"Dec 20, 2018","1.0065","1.0048","1.0136","1.0000","8.08M","0.17%"
"Dec 19, 2018","1.0048","1.0034","1.0151","0.9971","4.61M","0.14%"
"Dec 18, 2018","1.0034","0.9966","1.0040","0.9941","4.92M","0.68%"
"Dec 17, 2018","0.9966","0.9908","0.9988","0.9871","3.14M","0.59%"
"Dec 16, 2018","0.9908","0.9890","0.9917","0.9861","1.07M","0.18%"
"Dec 15, 2018","0.9890","0.9900","0.9916","0.9857","717.57K","-0.10%"
"Dec 14, 2018","0.9900","0.9880","0.9900","0.9855","1.32M","0.20%"
"Dec 13, 2018","0.9880","0.9944","0.9970","0.9863","5.93M","-0.64%"
"Dec 12, 2018","0.9944","0.9905","0.9966","0.9884","1.64M","0.39%"
"Dec 11, 2018","0.9905","0.9925","0.9942","0.9855","2.06M","-0.20%"
"Dec 10, 2018","0.9925","0.9943","0.9967","0.9915","922.99K","-0.18%"
"Dec 09, 2018","0.9943","0.9960","0.9975","0.9915","1.06M","-0.17%"
"Dec 08, 2018","0.9960","0.9938","0.9989","0.9875","2.75M","0.22%"
"Dec 07, 2018","0.9938","0.9796","0.9950","0.9795","5.10M","1.45%"
"Dec 06, 2018","0.9796","0.9814","0.9870","0.9790","1.96M","-0.18%"
"Dec 05, 2018","0.9814","0.9859","0.9900","0.9790","1.66M","-0.46%"
"Dec 04, 2018","0.9859","0.9866","0.9900","0.9830","2.66M","-0.07%"
"Dec 03, 2018","0.9866","0.9827","0.9866","0.9800","1.19M","0.40%"
"Dec 02, 2018","0.9827","0.9867","0.9877","0.9820","930.24K","-0.41%"
"Dec 01, 2018","0.9867","0.9844","0.9899","0.9804","2.03M","0.23%"
"Nov 30, 2018","0.9844","0.9865","0.9924","0.9784","2.39M","-0.46%"
"Nov 29, 2018","0.9889","0.9888","0.9931","0.9834","4.96M","0.01%"
"Nov 28, 2018","0.9888","0.9705","0.9900","0.9691","11.83M","1.89%"
"Nov 27, 2018","0.9705","0.9651","0.9751","0.9636","5.01M","0.56%"
"Nov 26, 2018","0.9651","0.9620","0.9719","0.9536","6.27M","0.32%"
"Nov 25, 2018","0.9620","0.9639","0.9728","0.9462","9.00M","-0.13%"
"Nov 24, 2018","0.9633","0.9698","0.9734","0.9588","7.27M","-0.67%"
"Nov 23, 2018","0.9698","0.9774","0.9774","0.9688","5.24M","-0.78%"
"Nov 22, 2018","0.9774","0.9735","0.9785","0.9710","4.61M","0.40%"
"Nov 21, 2018","0.9735","0.9569","0.9765","0.9549","7.78M","1.73%"
"Nov 20, 2018","0.9569","0.9633","0.9748","0.9310","17.18M","-0.66%"
"Nov 19, 2018","0.9633","0.9847","0.9949","0.9633","14.95M","-2.15%"
"Nov 18, 2018","0.9845","0.9796","0.9930","0.9777","7.48M","0.50%"
"Nov 17, 2018","0.9796","0.9760","0.9950","0.9760","9.28M","0.37%"
"Nov 16, 2018","0.9760","0.9700","0.9850","0.9700","9.68M","0.62%"
"Nov 15, 2018","0.9700","0.9497","0.9800","0.9492","13.81M","2.14%"
"Nov 14, 2018","0.9497","0.9688","0.9850","0.9410","11.30M","-1.97%"
"Nov 13, 2018","0.9688","0.9800","0.9819","0.9688","4.14M","-1.14%"
"Nov 12, 2018","0.9800","0.9863","0.9880","0.9800","5.46M","-0.64%"
"Nov 11, 2018","0.9863","0.9876","0.9899","0.9850","3.04M","-0.13%"
"Nov 10, 2018","0.9876","0.9867","0.9890","0.9855","2.63M","0.09%"
"Nov 09, 2018","0.9867","0.9894","0.9910","0.9859","3.35M","-0.27%"
"Nov 08, 2018","0.9894","0.9910","0.9926","0.9888","4.48M","-0.16%"
"Nov 07, 2018","0.9910","0.9905","0.9931","0.9864","5.42M","0.05%"
"Nov 06, 2018","0.9905","0.9913","0.9921","0.9852","1.75M","-0.08%"
"Nov 05, 2018","0.9913","0.9912","0.9936","0.9880","1.86M","0.01%"
"Nov 04, 2018","0.9912","0.9927","0.9946","0.9891","1.42M","-0.15%"
"Nov 03, 2018","0.9927","0.9887","0.9943","0.9880","727.47K","0.40%"
"Nov 02, 2018","0.9887","0.9910","0.9932","0.9880","2.70M","-0.23%"
"Nov 01, 2018","0.9910","0.9919","0.9968","0.9893","3.76M","-0.09%"
"Oct 31, 2018","0.9919","0.9933","0.9970","0.9899","8.41M","-0.14%"
"Oct 30, 2018","0.9933","0.9867","0.9962","0.9856","16.25M","0.67%"
"Oct 29, 2018","0.9867","0.9906","0.9906","0.9824","9.53M","-0.39%"
"Oct 28, 2018","0.9906","0.9900","0.9907","0.9880","18.29M","0.06%"
"Oct 27, 2018","0.9900","0.9787","0.9905","0.9784","10.18M","1.15%"
"Oct 26, 2018","0.9787","0.9772","0.9813","0.9759","3.24M","0.15%"
"Oct 25, 2018","0.9772","0.9766","0.9793","0.9728","2.16M","0.06%"
"Oct 24, 2018","0.9766","0.9776","0.9776","0.9715","903.93K","-0.10%"
"Oct 23, 2018","0.9776","0.9730","0.9799","0.9701","2.45M","0.47%"
"Oct 22, 2018","0.9730","0.9736","0.9779","0.9658","1.81M","-0.06%"
"Oct 21, 2018","0.9736","0.9725","0.9767","0.9690","1.23M","0.11%"
"Oct 20, 2018","0.9725","0.9764","0.9774","0.9700","1.48M","-0.40%"
"Oct 19, 2018","0.9764","0.9648","0.9788","0.9640","2.10M","1.20%"
"Oct 18, 2018","0.9648","0.9571","0.9671","0.9550","5.39M","0.80%"
"Oct 17, 2018","0.9571","0.9542","0.9604","0.9510","4.05M","0.30%"
"Oct 16, 2018","0.9542","0.9560","0.9604","0.9428","12.42M","-0.19%"
"Oct 15, 2018","0.9560","0.9740","0.9991","0.8500","29.26M","-1.85%"
"Oct 14, 2018","0.9740","0.9795","0.9795","0.9701","2.57M","-0.56%"
"Oct 13, 2018","0.9795","0.9812","0.9828","0.9785","1.63M","-0.17%"
"Oct 12, 2018","0.9812","0.9817","0.9845","0.9709","3.45M","-0.05%"
"Oct 11, 2018","0.9817","0.9821","0.9974","0.9700","5.18M","-0.04%"
"Oct 10, 2018","0.9821","0.9886","0.9899","0.9821","1.39M","-0.66%"
"Oct 09, 2018","0.9886","0.9895","0.9920","0.9880","1.23M","-0.16%"
"Oct 08, 2018","0.9902","0.9934","0.9951","0.9893","1.96M","-0.32%"
"Oct 07, 2018","0.9934","0.9935","0.9945","0.9925","510.10K","-0.01%"
"Oct 06, 2018","0.9935","0.9920","0.9946","0.9916","399.97K","0.15%"
"Oct 05, 2018","0.9920","0.9932","0.9946","0.9913","1.64M","-0.11%"
"Oct 04, 2018","0.9931","0.9919","0.9948","0.9899","1.17M","0.12%"
"Oct 03, 2018","0.9919","0.9915","0.9937","0.9890","1.59M","0.04%"
"Oct 02, 2018","0.9915","0.9946","0.9986","0.9600","2.29M","-0.31%"
"Oct 01, 2018","0.9946","0.9964","0.9970","0.9940","1.35M","-0.18%"
"Sep 30, 2018","0.9964","0.9969","0.9980","0.9947","136.03K","-0.05%"
"Sep 29, 2018","0.9969","0.9979","0.9990","0.9945","341.73K","-0.10%"
"Sep 28, 2018","0.9979","0.9976","0.9990","0.9960","875.02K","0.03%"
"Sep 27, 2018","0.9976","0.9975","0.9994","0.9928","2.45M","0.01%"
"Sep 26, 2018","0.9975","0.9987","0.9999","0.9975","2.97M","-0.12%"
"Sep 25, 2018","0.9987","0.9988","0.9998","0.9978","943.37K","-0.01%"
"Sep 24, 2018","0.9988","0.9987","1.0000","0.9980","957.91K","0.01%"
"Sep 23, 2018","0.9987","0.9984","0.9997","0.9984","272.44K","0.03%"
"Sep 22, 2018","0.9984","0.9983","0.9991","0.9983","688.21K","0.01%"
"Sep 21, 2018","0.9983","0.9990","0.9999","0.9983","1.39M","-0.07%"
"Sep 20, 2018","0.9990","0.9994","0.9994","0.9980","1.54M","0.03%"
"Sep 19, 2018","0.9987","0.9988","0.9994","0.9977","-","-0.01%"
"Sep 18, 2018","0.9988","0.9985","0.9999","0.9931","1.94M","0.03%"
"Sep 17, 2018","0.9985","0.9990","0.9993","0.9985","849.78K","-0.05%"
"Sep 16, 2018","0.9990","0.9994","0.9994","0.9988","79.48K","-0.04%"
"Sep 15, 2018","0.9994","0.9992","0.9999","0.9988","322.64K","0.01%"
"Sep 14, 2018","0.9993","0.9990","0.9999","0.9988","1.90M","0.03%"
"Sep 13, 2018","0.9990","0.9979","0.9994","0.9979","2.66M","0.11%"
"Sep 12, 2018","0.9979","0.9977","0.9988","0.9911","2.62M","0.02%"
"Sep 11, 2018","0.9977","0.9966","0.9990","0.9966","1.16M","0.11%"
"Sep 10, 2018","0.9966","0.9968","0.9984","0.9925","923.15K","-0.02%"
"Sep 09, 2018","0.9968","0.9971","0.9997","0.9956","859.00K","-0.03%"
"Sep 08, 2018","0.9971","0.9989","0.9996","0.9957","691.50K","-0.18%"
"Sep 07, 2018","0.9989","0.9973","0.9998","0.9971","1.71M","0.16%"
"Sep 06, 2018","0.9973","0.9963","1.0000","0.9950","2.18M","0.10%"
"Sep 05, 2018","0.9963","0.9968","1.0000","0.9960","5.90M","-0.05%"
"Sep 04, 2018","0.9968","0.9983","0.9983","0.9960","2.13M","-0.15%"
"Sep 03, 2018","0.9983","0.9986","0.9998","0.9981","346.22K","-0.03%"
"Sep 02, 2018","0.9986","0.9985","1.0000","0.9983","1.72M","0.01%"
"Sep 01, 2018","0.9985","0.9998","1.0000","0.9985","1.59M","-0.13%"
"Aug 31, 2018","0.9998","0.9988","1.0000","0.9970","2.61M","0.10%"
"Aug 30, 2018","0.9988","0.9985","0.9998","0.9970","951.09K","0.03%"
"Aug 29, 2018","0.9985","0.9986","0.9997","0.9970","1.15M","-0.01%"
"Aug 28, 2018","0.9986","0.9999","1.0004","0.9970","2.80M","-0.13%"
"Aug 27, 2018","0.9999","0.9990","0.9999","0.9979","1.37M","0.09%"
"Aug 26, 2018","0.9990","0.9993","0.9997","0.9987","143.90K","-0.03%"
"Aug 25, 2018","0.9993","0.9988","0.9998","0.9988","135.06K","0.05%"
"Aug 24, 2018","0.9988","0.9999","0.9999","0.9988","232.72K","-0.11%"
"Aug 23, 2018","0.9999","0.9988","0.9999","0.9987","632.21K","0.11%"
"Aug 22, 2018","0.9988","0.9991","1.0008","0.9981","1.75M","-0.03%"
"Aug 21, 2018","0.9991","0.9996","1.0003","0.9986","349.82K","-0.05%"
"Aug 20, 2018","0.9996","1.0003","1.0011","0.9986","968.69K","-0.07%"
"Aug 19, 2018","1.0003","1.0020","1.0028","1.0003","210.49K","-0.17%"
"Aug 18, 2018","1.0020","0.9999","1.0020","0.9985","550.93K","0.21%"
"Aug 17, 2018","0.9999","0.9993","1.0005","0.9962","676.04K","0.06%"
"Aug 16, 2018","0.9993","1.0010","1.0016","0.9975","1.53M","-0.17%"
"Aug 15, 2018","1.0010","1.0013","1.0025","1.0000","920.51K","-0.03%"
"Aug 14, 2018","1.0013","0.9999","1.0034","0.9985","2.28M","0.14%"
"Aug 13, 2018","0.9999","0.9994","1.0041","0.9980","2.83M","0.05%"
"Aug 12, 2018","0.9994","1.0000","1.0000","0.9980","240.30K","-0.06%"
"Aug 11, 2018","1.0000","0.9998","1.0000","0.9968","786.51K","0.02%"
"Aug 10, 2018","0.9998","0.9988","1.0000","0.9982","1.62M","0.10%"
"Aug 09, 2018","0.9988","0.9999","1.0000","0.9900","2.12M","-0.11%"
"Aug 08, 2018","0.9999","0.9995","1.0001","0.9935","2.38M","0.04%"
"Aug 07, 2018","0.9995","0.9970","1.0000","0.9970","811.45K","0.25%"
"Aug 06, 2018","0.9970","0.9990","1.0000","0.9970","611.35K","-0.20%"
"Aug 05, 2018","0.9990","0.9987","1.0000","0.9971","694.14K","0.03%"
"Aug 04, 2018","0.9987","0.9987","0.9994","0.9970","465.98K","0.00%"
"Aug 03, 2018","0.9987","0.9977","0.9999","0.9970","1.43M","0.10%"
"Aug 02, 2018","0.9977","0.9987","0.9990","0.9973","591.39K","-0.10%"
"Aug 01, 2018","0.9987","0.9980","0.9990","0.9970","564.28K","0.07%"
"Jul 31, 2018","0.9980","0.9970","0.9995","0.9955","1.39M","0.10%"
"Jul 30, 2018","0.9970","0.9999","0.9999","0.9965","727.94K","-0.29%"
"Jul 29, 2018","0.9999","0.9987","1.0000","0.9951","2.09M","0.12%"
"Jul 28, 2018","0.9987","0.9998","0.9998","0.9980","164.12K","-0.11%"
"Jul 27, 2018","0.9998","0.9986","0.9999","0.9970","1.53M","0.12%"
"Jul 26, 2018","0.9986","0.9985","1.0000","0.9978","1.08M","0.01%"
"Jul 25, 2018","0.9985","0.9988","1.0000","0.9975","1.32M","-0.01%"
"Jul 24, 2018","0.9986","0.9976","1.0004","0.9970","1.57M","0.10%"
"Jul 23, 2018","0.9976","0.9988","1.0000","0.9960","1.69M","-0.12%"
"Jul 22, 2018","0.9988","0.9999","1.0000","0.9951","2.02M","-0.11%"
"Jul 21, 2018","0.9999","0.9981","0.9999","0.9968","274.52K","0.18%"
"Jul 20, 2018","0.9981","0.9999","0.9999","0.9960","1.12M","-0.18%"
"Jul 19, 2018","0.9999","0.9988","1.0005","0.9970","1.38M","0.11%"
"Jul 18, 2018","0.9988","0.9999","1.0004","0.9963","3.88M","-0.11%"
"Jul 17, 2018","0.9999","0.9990","1.0000","0.9950","1.46M","0.09%"
"Jul 16, 2018","0.9990","0.9990","0.9990","0.9900","2.98M","0.00%"
"Jul 15, 2018","0.9990","0.9990","1.0005","0.9970","1.17M","0.00%"
"Jul 14, 2018","0.9990","0.9995","1.0000","0.9950","1.32M","-0.05%"
"Jul 13, 2018","0.9995","0.9989","1.0004","0.9980","686.79K","0.06%"
"Jul 12, 2018","0.9989","1.0000","1.0013","0.9980","1.08M","-0.11%"
"Jul 11, 2018","1.0000","0.9996","1.0004","0.9982","522.92K","0.04%"
"Jul 10, 2018","0.9996","0.9990","1.0000","0.9981","665.23K","0.06%"
"Jul 09, 2018","0.9990","0.9991","0.9999","0.9990","599.92K","-0.01%"
"Jul 08, 2018","0.9991","0.9997","0.9999","0.9983","228.36K","-0.06%"
"Jul 07, 2018","0.9997","0.9984","0.9999","0.9980","371.57K","0.13%"
"Jul 06, 2018","0.9984","0.9986","1.0020","0.9980","732.38K","-0.02%"
"Jul 05, 2018","0.9986","0.9988","1.0003","0.9980","496.87K","-0.02%"
"Jul 04, 2018","0.9988","0.9989","1.0002","0.9970","785.12K","-0.01%"
"Jul 03, 2018","0.9989","0.9990","1.0000","0.9989","589.02K","-0.01%"
"Jul 02, 2018","0.9990","0.9990","0.9999","0.9990","907.84K","0.00%"
"Jul 01, 2018","0.9990","0.9987","0.9999","0.9987","311.45K","0.03%"
"Jun 30, 2018","0.9987","0.9994","1.0004","0.9980","1.17M","-0.07%"
"Jun 29, 2018","0.9994","0.9984","1.0000","0.9983","869.28K","0.10%"
"Jun 28, 2018","0.9984","1.0000","1.0003","0.9983","0.66K","-0.16%"
"Jun 27, 2018","1.0000","0.9996","1.0000","0.9991","1.07M","0.04%"
"Jun 26, 2018","0.9996","1.0000","1.0004","0.9991","1.02M","-0.04%"
"Jun 25, 2018","1.0000","1.0010","1.0025","0.9997","1.88M","-0.10%"
"Jun 24, 2018","1.0010","1.0010","1.0041","1.0009","1.73M","0.00%"
"Jun 23, 2018","1.0010","1.0005","1.0030","1.0000","271.54K","0.05%"
"Jun 22, 2018","1.0005","0.9997","1.0010","0.9996","1.48M","0.08%"
"Jun 21, 2018","0.9997","0.9991","0.9999","0.9980","606.11K","0.06%"
"Jun 20, 2018","0.9991","0.9991","0.9999","0.9989","666.64K","0.00%"
"Jun 19, 2018","0.9991","0.9991","1.0001","0.9982","1.14M","0.00%"
"Jun 18, 2018","0.9991","1.0003","1.0011","0.9980","1.07M","-0.12%"
"Jun 17, 2018","1.0003","1.0000","1.0004","0.9986","739.60K","0.03%"
"Jun 16, 2018","1.0000","1.0001","1.0012","0.9984","508.92K","-0.01%"
"Jun 15, 2018","1.0001","1.0005","1.0095","0.9997","2.39M","-0.04%"
"Jun 14, 2018","1.0005","1.0000","1.0050","0.9996","2.78M","0.05%"
"Jun 13, 2018","1.0000","1.0002","1.0007","0.9980","1.36M","-0.02%"
"Jun 12, 2018","1.0002","1.0001","1.0011","0.9990","1.05M","0.01%"
"Jun 11, 2018","1.0001","1.0001","1.0010","0.9971","1.36M","0.00%"
"Jun 10, 2018","1.0001","0.9980","1.0010","0.9980","1.30M","0.21%"
"Jun 09, 2018","0.9980","0.9988","1.0000","0.9980","197.86K","-0.08%"
"Jun 08, 2018","0.9988","0.9987","0.9995","0.9977","267.78K","0.01%"
"Jun 07, 2018","0.9987","0.9972","1.0001","0.9962","1.50M","0.15%"
"Jun 06, 2018","0.9972","0.9993","1.0000","0.9951","1.34M","-0.21%"
"Jun 05, 2018","0.9993","0.9988","1.0000","0.9970","1.14M","0.05%"
"Jun 04, 2018","0.9988","0.9998","1.0000","0.9951","807.81K","-0.10%"
"Jun 03, 2018","0.9998","0.9999","1.0008","0.9981","1.21M","-0.01%"
"Jun 02, 2018","0.9999","0.9987","0.9999","0.9954","1.98M","0.12%"
"Jun 01, 2018","0.9987","0.9987","0.9997","0.9983","375.22K","0.00%"
"May 31, 2018","0.9987","0.9987","1.0000","0.9977","524.43K","0.00%"
"May 30, 2018","0.9987","0.9983","1.0019","0.9951","1.81M","0.04%"
"May 29, 2018","0.9983","0.9999","1.0020","0.9963","1.61M","-0.16%"
"May 28, 2018","0.9999","0.9983","1.0006","0.9980","693.44K","0.16%"
"May 27, 2018","0.9983","0.9989","1.0000","0.9983","389.14K","-0.06%"
"May 26, 2018","0.9989","0.9998","1.0010","0.9988","986.74K","-0.09%"
"May 25, 2018","0.9998","0.9996","1.0007","0.9982","955.80K","0.02%"
"May 24, 2018","0.9996","0.9998","1.0009","0.9905","1.21M","-0.02%"
"May 23, 2018","0.9998","0.9988","1.0010","0.9950","1.30M","0.10%"
"May 22, 2018","0.9988","0.9983","1.0000","0.9900","1.86M","0.05%"
"May 21, 2018","0.9983","1.0002","1.0020","0.9968","0.22K","-0.19%"
"May 20, 2018","1.0002","0.9998","1.0014","0.9980","408.07K","0.04%"
"May 19, 2018","0.9998","0.9979","1.0000","0.9979","981.04K","0.19%"
"May 18, 2018","0.9979","1.0007","1.0020","0.9942","2.14M","-0.28%"
"May 17, 2018","1.0007","1.0011","1.0012","0.9998","809.99K","-0.04%"
"May 16, 2018","1.0011","1.0000","1.0049","0.9994","1.57M","0.11%"
"May 15, 2018","1.0000","0.9999","1.0003","0.9995","1.45M","0.01%"
"May 14, 2018","0.9999","1.0000","1.0002","0.9991","906.01K","-0.01%"
"May 13, 2018","1.0000","1.0001","1.0020","0.9991","507.50K","-0.01%"
"May 12, 2018","1.0001","0.9992","1.0007","0.9990","1.08M","0.09%"
"May 11, 2018","0.9992","0.9990","1.0007","0.9990","1.73M","0.02%"
"May 10, 2018","0.9990","1.0000","1.0007","0.9990","5.78M","-0.10%"
"May 09, 2018","1.0000","1.0001","1.0003","0.9990","3.58M","-0.01%"
"May 08, 2018","1.0001","0.9990","1.0012","0.9956","5.91M","0.11%"
"May 07, 2018","0.9990","0.9937","1.0000","0.9890","1.99M","0.53%"
"May 06, 2018","0.9937","0.9930","0.9992","0.9890","1.09M","0.07%"
"May 05, 2018","0.9930","0.9982","0.9999","0.9922","1.66M","-0.52%"
"May 04, 2018","0.9982","0.9965","1.0002","0.9951","4.59M","0.17%"
"May 03, 2018","0.9965","0.9996","0.9999","0.9939","3.55M","-0.31%"
"May 02, 2018","0.9996","1.0010","1.0020","0.9996","2.37M","-0.14%"
"May 01, 2018","1.0010","1.0002","1.0041","0.9998","1.74M","0.08%"
"Apr 30, 2018","1.0002","1.0010","1.0046","0.9998","1.66M","-0.08%"
"Apr 29, 2018","1.0010","1.0005","1.0030","0.9991","1.93M","0.05%"
"Apr 28, 2018","1.0005","1.0009","1.0015","1.0005","1.63M","-0.04%"
"Apr 27, 2018","1.0009","1.0004","1.0043","0.9990","1.89M","0.05%"
"Apr 26, 2018","1.0004","1.0005","1.0070","1.0001","3.44M","-0.01%"
"Apr 25, 2018","1.0005","1.0018","1.0044","1.0001","3.52M","-0.12%"
"Apr 24, 2018","1.0017","1.0023","1.0043","1.0000","0.07K","-0.06%"
"Apr 23, 2018","1.0023","1.0034","1.0044","1.0005","712.70K","-0.11%"
"Apr 22, 2018","1.0034","1.0004","1.0045","1.0001","667.31K","0.30%"
"Apr 21, 2018","1.0004","1.0024","1.0030","1.0001","898.91K","-0.20%"
"Apr 20, 2018","1.0024","0.9998","1.0028","0.9997","1.56M","0.26%"
"Apr 19, 2018","0.9998","0.9996","1.0008","0.9990","593.48K","0.02%"
"Apr 18, 2018","0.9996","0.9990","1.0010","0.9982","897.88K","0.06%"
"Apr 17, 2018","0.9990","0.9997","1.0029","0.9986","1.06M","-0.07%"
"Apr 16, 2018","0.9997","1.0002","1.0029","0.9982","1.94M","-0.06%"
"Apr 15, 2018","1.0003","1.0002","1.0010","0.9983","722.99K","0.01%"
"Apr 14, 2018","1.0002","1.0000","1.0022","0.9997","783.00K","0.02%"
"Apr 13, 2018","1.0000","0.9991","1.0022","0.9981","2.80M","0.09%"
"Apr 12, 2018","0.9991","0.9995","1.0000","0.9950","2.36M","-0.04%"
"Apr 11, 2018","0.9995","0.9999","1.0000","0.9980","752.36K","-0.04%"
"Apr 10, 2018","0.9999","0.9987","1.0000","0.9984","418.47K","0.12%"
"Apr 09, 2018","0.9987","0.9977","1.0018","0.9977","858.68K","0.10%"
"Apr 08, 2018","0.9977","1.0012","1.0012","0.9951","1.49M","-0.35%"
"Apr 07, 2018","1.0012","0.9999","1.0023","0.9972","2.98M","0.13%"
"Apr 06, 2018","0.9999","0.9991","1.0008","0.9972","1.04M","0.08%"
"Apr 05, 2018","0.9991","0.9996","1.0007","0.9972","925.83K","-0.05%"
"Apr 04, 2018","0.9996","1.0000","1.0013","0.9953","1.67M","-0.04%"
"Apr 03, 2018","1.0000","0.9996","1.0012","0.9953","1.16M","0.04%"
"Apr 02, 2018","0.9996","0.9999","1.0012","0.9975","614.54K","-0.03%"
"Apr 01, 2018","0.9999","0.9972","1.0012","0.9935","1.97M","0.27%"
"Mar 31, 2018","0.9972","0.9950","1.0004","0.9950","341.58K","0.22%"
"Mar 30, 2018","0.9950","0.9974","1.0012","0.9925","2.52M","-0.24%"
"Mar 29, 2018","0.9974","0.9996","1.0037","0.9950","2.95M","-0.22%"
"Mar 28, 2018","0.9996","1.0005","1.0020","0.9988","718.50K","-0.09%"
"Mar 27, 2018","1.0005","1.0010","1.0027","0.9984","1.47M","-0.05%"
"Mar 26, 2018","1.0010","1.0006","1.0010","0.9980","1.23M","0.04%"
"Mar 25, 2018","1.0006","1.0009","1.0010","0.9981","586.83K","-0.03%"
"Mar 24, 2018","1.0009","1.0001","1.0009","0.9983","677.45K","0.08%"
"Mar 23, 2018","1.0001","1.0003","1.0010","0.9983","1.50M","-0.02%"
"Mar 22, 2018","1.0003","1.0007","1.0012","0.9996","927.74K","-0.04%"
"Mar 21, 2018","1.0007","1.0013","1.0013","0.9920","1.02M","-0.06%"
"Mar 20, 2018","1.0013","1.0000","1.0030","0.9970","1.78M","0.13%"
"Mar 19, 2018","1.0000","0.9969","1.0038","0.9900","1.95M","0.31%"
"Mar 18, 2018","0.9969","1.0010","1.0020","0.9921","2.70M","-0.41%"
"Mar 17, 2018","1.0010","1.0000","1.0014","0.9924","963.31K","0.10%"
"Mar 16, 2018","1.0000","0.9994","1.0014","0.9965","1.25M","0.06%"
"Mar 15, 2018","0.9994","0.9984","1.0050","0.9920","4.35M","0.10%"
"Mar 14, 2018","0.9984","1.0008","1.0029","0.9944","1.78M","-0.24%"
"Mar 13, 2018","1.0008","0.9999","1.0040","0.9980","1.97M","0.09%"
"Mar 12, 2018","0.9999","1.0008","1.0049","0.9984","1.09M","-0.09%"
"Mar 11, 2018","1.0008","1.0017","1.0039","0.9995","957.06K","-0.09%"
"Mar 10, 2018","1.0017","1.0014","1.0078","0.9999","1.20M","0.03%"
"Mar 09, 2018","1.0014","1.0011","1.0070","0.9991","2.66M","0.03%"
"Mar 08, 2018","1.0011","1.0012","1.0060","0.9995","5.02M","-0.01%"
"Mar 07, 2018","1.0012","1.0002","1.0020","0.9996","2.39M","0.10%"
"Mar 06, 2018","1.0002","1.0000","1.0003","0.9996","2.76M","0.05%"
"Mar 05, 2018","0.9997","1.0000","1.0000","0.9997","2.53M","-0.03%"
"Mar 04, 2018","1.0000","0.9991","1.0008","0.9991","980.94K","0.04%"
"Mar 03, 2018","0.9996","0.9991","1.0008","0.9990","902.85K","0.05%"
"Mar 02, 2018","0.9991","0.9998","1.0010","0.9990","844.88K","-0.07%"
"Mar 01, 2018","0.9998","0.9999","1.0039","0.9983","3.72M","-0.01%"
"Feb 28, 2018","0.9999","1.0011","1.0021","0.9995","2.05M","-0.12%"
"Feb 27, 2018","1.0011","1.0005","1.0033","1.0005","1.03M","0.06%"
"Feb 26, 2018","1.0005","1.0008","1.0035","0.9995","4.39M","-0.03%"
"Feb 25, 2018","1.0008","1.0012","1.0050","1.0002","2.83M","-0.04%"
"Feb 24, 2018","1.0012","1.0001","1.0026","1.0001","2.33M","0.11%"
"Feb 23, 2018","1.0001","1.0008","1.0024","1.0001","2.79M","-0.07%"
"Feb 22, 2018","1.0008","1.0020","1.0027","0.9990","3.80M","-0.12%"
"Feb 21, 2018","1.0020","1.0012","1.0059","0.9970","4.11M","0.08%"
"Feb 20, 2018","1.0012","1.0020","1.0094","1.0000","2.78M","-0.08%"
"Feb 19, 2018","1.0020","1.0048","1.0071","1.0016","1.70M","-0.28%"
"Feb 18, 2018","1.0048","1.0047","1.0140","1.0022","3.38M","0.01%"
"Feb 17, 2018","1.0047","1.0021","1.0062","1.0011","1.38M","0.20%"
"Feb 16, 2018","1.0027","1.0031","1.0043","1.0015","1.69M","-0.04%"
"Feb 15, 2018","1.0031","1.0008","1.0071","1.0003","2.36M","0.23%"
"Feb 14, 2018","1.0008","1.0000","1.0045","0.9995","1.65M","0.08%"
"Feb 13, 2018","1.0000","0.9992","1.0049","0.9980","1.58M","0.08%"
"Feb 12, 2018","0.9992","0.9997","1.0039","0.9980","1.51M","-0.05%"
"Feb 11, 2018","0.9997","1.0004","1.0050","0.9981","2.54M","-0.07%"
"Feb 10, 2018","1.0004","1.0011","1.0071","1.0000","2.99M","-0.07%"
"Feb 09, 2018","1.0011","0.9975","1.0071","0.9970","1.72M","0.36%"
"Feb 08, 2018","0.9975","0.9986","1.0035","0.9950","1.73M","-0.11%"
"Feb 07, 2018","0.9986","1.0003","1.0138","0.9950","3.39M","-0.17%"
"Feb 06, 2018","1.0003","0.9842","1.0045","0.9700","10.21M","1.64%"
"Feb 05, 2018","0.9842","0.9914","0.9964","0.9820","7.56M","-0.73%"
"Feb 04, 2018","0.9914","0.9916","0.9968","0.9850","3.04M","-0.02%"
"Feb 03, 2018","0.9916","0.9883","0.9968","0.9811","3.67M","0.33%"
"Feb 02, 2018","0.9883","0.9794","0.9897","0.9400","10.26M","0.91%"
"Feb 01, 2018","0.9794","0.9850","0.9946","0.9700","11.72M","-0.57%"
"Jan 31, 2018","0.9850","0.9803","0.9988","0.9765","5.99M","0.48%"
"Jan 30, 2018","0.9803","0.9913","0.9997","0.9751","14.07M","-1.11%"
"Jan 29, 2018","0.9913","0.9795","0.9980","0.9500","6.18M","1.20%"
"Jan 28, 2018","0.9795","0.9950","0.9970","0.9340","5.22M","-1.56%"
"Jan 27, 2018","0.9950","1.0004","1.0087","0.9950","4.90M","-0.54%"
"Jan 26, 2018","1.0004","1.0028","1.0054","0.9968","3.10M","-0.24%"
"Jan 25, 2018","1.0028","1.0036","1.0084","0.9964","4.77M","-0.08%"
"Jan 24, 2018","1.0036","1.0030","1.0088","1.0013","4.81M","0.06%"
"Jan 23, 2018","1.0030","1.0093","1.0115","1.0001","5.88M","-0.62%"
"Jan 22, 2018","1.0093","1.0068","1.0150","1.0027","4.13M","0.25%"
"Jan 21, 2018","1.0068","1.0122","1.0160","1.0051","2.31M","-0.53%"
"Jan 20, 2018","1.0122","1.0174","1.0200","1.0054","3.13M","-0.51%"
"Jan 19, 2018","1.0174","1.0235","1.0600","1.0150","7.38M","-0.60%"
"Jan 18, 2018","1.0235","1.0126","1.0779","1.0118","4.57M","1.08%"
"Jan 17, 2018","1.0126","1.0300","1.0450","1.0023","11.23M","-1.69%"
"Jan 16, 2018","1.0300","1.0034","1.0434","1.0018","8.32M","2.65%"
"Jan 15, 2018","1.0034","1.0082","1.0130","1.0000","5.82M","-0.48%"
"Jan 14, 2018","1.0082","1.0100","1.0190","0.9996","5.07M","-0.18%"
"Jan 13, 2018","1.0100","1.0170","1.0170","0.9926","773.77K","1.59%"
"Jan 11, 2018","0.9942","1.0000","1.0089","0.9942","1.24M","-0.58%"
"Jan 10, 2018","1.0000","1.0100","1.0100","0.9960","3.03M","-0.99%"
"Jan 09, 2018","1.0100","1.0000","1.0100","1.0000","2.50M","1.00%"
"Jan 08, 2018","1.0000","0.9970","1.0000","0.9720","3.22M","0.30%"
"Jan 07, 2018","0.9970","1.0000","1.0000","0.9900","1.21M","-0.30%"
"Jan 06, 2018","1.0000","1.0000","1.0100","0.9955","1.81M","0.00%"
"Jan 05, 2018","1.0000","1.0200","1.0200","0.9993","3.27M","-1.96%"
"Jan 04, 2018","1.0200","1.0100","1.0200","1.0100","2.31M","0.99%"
"Jan 03, 2018","1.0100","1.0200","1.0200","1.0000","1.09M","-0.98%"
"Jan 02, 2018","1.0200","1.0100","1.0200","1.0100","915.82K","0.99%"
"Jan 01, 2018","1.0100","1.0200","1.0300","1.0100","1.62M","-0.98%"
"Dec 31, 2017","1.0200","1.0200","1.0300","1.0100","973.14K","0.00%"
"Dec 30, 2017","1.0200","1.0200","1.0300","1.0200","4.03M","0.00%"
"Dec 29, 2017","1.0200","1.0200","1.0200","1.0100","1.81M","0.00%"
"Dec 28, 2017","1.0200","1.0100","1.0300","1.0000","5.00M","0.99%"
"Dec 27, 2017","1.0100","1.0000","1.0100","0.9952","1.77M","1.00%"
"Dec 26, 2017","1.0000","1.0100","1.0200","0.9993","2.87M","-0.99%"
"Dec 25, 2017","1.0100","1.0200","1.0300","1.0000","3.45M","-0.98%"
"Dec 24, 2017","1.0200","1.0300","1.0600","1.0100","3.85M","-0.97%"
"Dec 23, 2017","1.0300","1.0300","1.0400","1.0100","2.50M","0.00%"
"Dec 22, 2017","1.0300","0.9950","1.0400","0.9802","4.50M","3.52%"
"Dec 21, 2017","0.9950","0.9945","1.0000","0.9713","1.75M","0.05%"
"Dec 20, 2017","0.9945","1.0100","1.0100","0.9909","1.89M","-1.53%"
"Dec 19, 2017","1.0100","0.9985","1.0300","0.9900","2.18M","1.15%"
"Dec 18, 2017","0.9985","0.9958","1.0100","0.9953","2.09M","0.27%"
"Dec 17, 2017","0.9958","1.0100","1.0100","0.9900","1.60M","-1.41%"
"Dec 16, 2017","1.0100","1.0000","1.0100","1.0000","884.80K","1.00%"
"Dec 15, 2017","1.0000","1.0000","1.0200","1.0000","1.21M","0.00%"
"Dec 14, 2017","1.0000","1.0000","1.0300","1.0000","1.06M","0.00%"
"Dec 13, 2017","1.0000","1.0200","1.0500","1.0000","1.12M","-1.96%"
"Dec 12, 2017","1.0200","1.0100","1.0300","1.0000","1.19M","0.99%"
"Dec 11, 2017","1.0100","1.0000","1.0200","1.0000","896.91K","1.00%"
"Dec 10, 2017","1.0000","1.0000","1.0200","1.0000","983.31K","0.00%"
"Dec 09, 2017","1.0000","1.0100","1.0200","1.0000","488.25K","-0.99%"
"Dec 08, 2017","1.0100","1.0100","1.0500","1.0000","631.93K","0.00%"
"Dec 07, 2017","1.0100","1.0100","1.0500","1.0000","1.75M","0.00%"
"Dec 06, 2017","1.0100","1.0000","1.0300","0.9967","2.48M","1.00%"
"Dec 05, 2017","1.0000","1.0000","1.0000","0.9850","1.74M","0.00%"
"Dec 04, 2017","1.0000","0.9977","1.0000","0.9860","2.91M","0.23%"
"Dec 03, 2017","0.9977","0.9959","0.9980","0.9840","1.30M","0.18%"
"Dec 02, 2017","0.9959","1.0100","1.0100","0.9826","970.82K","-1.40%"
"Dec 01, 2017","1.0100","1.0100","1.0300","1.0000","457.32K","0.00%"
"Nov 30, 2017","1.0100","0.9988","1.0200","0.9959","1.61M","1.12%"
"Nov 29, 2017","0.9988","0.9924","0.9990","0.9500","1.47M","0.64%"
"Nov 28, 2017","0.9924","0.9978","0.9978","0.9791","531.30K","-0.54%"
"Nov 27, 2017","0.9978","0.9961","1.0000","0.9910","462.45K","0.17%"
"Nov 26, 2017","0.9961","0.9970","1.0000","0.9883","504.13K","-0.09%"
"Nov 25, 2017","0.9970","0.9910","0.9986","0.9880","272.51K","0.61%"
"Nov 24, 2017","0.9910","0.9950","1.0000","0.9860","634.30K","-0.40%"
"Nov 23, 2017","0.9950","0.9985","0.9990","0.9800","317.83K","-0.35%"
"Nov 22, 2017","0.9985","0.9807","1.0000","0.9789","840.34K","1.82%"
"Nov 21, 2017","0.9807","0.9947","0.9970","0.9600","673.37K","-1.41%"
"Nov 20, 2017","0.9947","0.9943","0.9995","0.9006","989.23K","0.04%"
"Nov 19, 2017","0.9943","0.9987","1.0000","0.9890","868.08K","-0.44%"
"Nov 18, 2017","0.9987","1.0000","1.0100","0.9901","743.66K","-0.13%"
"Nov 17, 2017","1.0000","0.9850","1.0000","0.9830","675.88K","1.52%"
"Nov 16, 2017","0.9850","1.0000","1.0000","0.9850","1.25M","-1.50%"
"Nov 15, 2017","1.0000","1.0100","1.0200","1.0000","819.44K","-0.99%"
"Nov 14, 2017","1.0100","1.0100","1.0200","1.0100","279.28K","0.00%"
"Nov 13, 2017","1.0100","1.0000","1.0200","1.0000","556.04K","1.00%"
"Nov 12, 2017","1.0000","1.0100","1.0200","1.0000","959.65K","-0.99%"
"Nov 11, 2017","1.0100","1.0000","1.0100","1.0000","905.09K","1.00%"
"Nov 10, 2017","1.0000","1.0100","1.0200","0.9990","1.41M","-0.99%"
"Nov 09, 2017","1.0100","1.0100","1.0100","1.0000","845.99K","0.00%"
"Nov 08, 2017","1.0100","1.0000","1.0100","1.0000","747.89K","1.00%"
"Nov 07, 2017","1.0000","1.0000","1.0100","1.0000","376.92K","0.00%"
"Nov 06, 2017","1.0000","1.0000","1.0200","1.0000","826.58K","0.00%"
"Nov 05, 2017","1.0000","1.0000","1.0100","1.0000","656.30K","0.00%"
"Nov 04, 2017","1.0000","1.0000","1.0100","1.0000","906.48K","0.00%"
"Nov 03, 2017","1.0000","1.0000","1.0100","1.0000","554.42K","0.00%"
"Nov 02, 2017","1.0000","1.0000","1.0100","1.0000","367.21K","0.00%"
"Nov 01, 2017","1.0000","0.9999","1.0100","0.9960","1.34M","0.01%"
"Oct 31, 2017","0.9999","1.0000","1.0100","0.9970","1.28M","-0.01%"
"Oct 30, 2017","1.0000","1.0000","1.0000","0.9972","1.22M","0.00%"
"Oct 29, 2017","1.0000","1.0000","1.0100","1.0000","1.07M","0.00%"
"Oct 28, 2017","1.0000","1.0100","1.0100","1.0000","1.00M","-0.99%"
"Oct 27, 2017","1.0100","1.0000","1.0100","1.0000","1.08M","1.00%"
"Oct 26, 2017","1.0000","1.0000","1.0100","1.0000","1.02M","0.00%"
"Oct 25, 2017","1.0000","1.0000","1.0100","1.0000","1.15M","0.00%"
"Oct 24, 2017","1.0000","1.0000","1.0100","1.0000","1.22M","0.00%"
"Oct 23, 2017","1.0000","1.0000","1.0100","1.0000","982.14K","0.00%"
"Oct 22, 2017","1.0000","0.9990","1.0100","0.9981","666.03K","0.10%"
"Oct 21, 2017","0.9990","0.9994","1.0000","0.9700","1.16M","-0.04%"
"Oct 20, 2017","0.9994","0.9999","1.0000","0.9971","511.25K","-0.05%"
"Oct 19, 2017","0.9999","1.0000","1.0100","0.9989","568.02K","-0.01%"
"Oct 18, 2017","1.0000","1.0000","1.0100","0.9997","442.52K","0.00%"
"Oct 17, 2017","1.0000","0.9924","1.0000","0.9874","1.81M","0.77%"
"Oct 16, 2017","0.9924","0.9992","1.0000","0.9800","1.00M","-0.68%"
"Oct 15, 2017","0.9992","0.9958","1.0000","0.9952","722.57K","0.34%"
"Oct 14, 2017","0.9958","0.9945","0.9980","0.9921","910.26K","0.13%"
"Oct 13, 2017","0.9945","0.9937","0.9972","0.9915","1.21M","0.08%"
"Oct 12, 2017","0.9937","0.9962","0.9972","0.9904","1.16M","-0.25%"
"Oct 11, 2017","0.9962","0.9942","0.9972","0.9930","1.19M","0.20%"
"Oct 10, 2017","0.9942","0.9970","0.9972","0.9941","1.09M","-0.28%"
"Oct 09, 2017","0.9970","0.9954","0.9972","0.9949","984.54K","0.16%"
"Oct 08, 2017","0.9954","0.9943","0.9972","0.9933","975.74K","0.11%"
"Oct 07, 2017","0.9943","0.9969","0.9984","0.9933","864.73K","-0.26%"
"Oct 06, 2017","0.9969","0.9984","0.9999","0.9940","1.07M","-0.15%"
"Oct 05, 2017","0.9984","0.9961","1.0000","0.9960","883.34K","0.23%"
"Oct 04, 2017","0.9961","0.9998","1.0000","0.9930","1.17M","-0.37%"
"Oct 03, 2017","0.9998","0.9936","0.9999","0.9926","848.30K","0.62%"
"Oct 02, 2017","0.9936","0.9928","0.9979","0.9906","707.42K","0.08%"
"Oct 01, 2017","0.9928","0.9998","0.9998","0.9909","558.11K","-0.70%"
"Sep 30, 2017","0.9998","0.9984","0.9999","0.9905","778.54K","0.14%"
"Sep 29, 2017","0.9984","0.9979","1.0000","0.9939","947.81K","0.05%"
"Sep 28, 2017","0.9979","0.9986","1.0000","0.9952","753.34K","-0.07%"
"Sep 27, 2017","0.9986","0.9998","1.0000","0.9920","888.14K","-0.12%"
"Sep 26, 2017","0.9998","1.0000","1.0100","0.9995","941.22K","-0.02%"
"Sep 25, 2017","1.0000","0.9998","1.0000","0.9950","986.00K","0.02%"
"Sep 24, 2017","0.9998","1.0000","1.0000","0.9960","299.82K","-0.02%"
"Sep 23, 2017","1.0000","1.0000","1.0000","0.9882","793.12K","0.00%"
"Sep 22, 2017","1.0000","1.0000","1.0100","1.0000","297.07K","0.00%"
"Sep 21, 2017","1.0000","1.0000","1.0100","1.0000","608.22K","0.00%"
"Sep 20, 2017","1.0000","1.0000","1.0100","1.0000","667.52K","0.00%"
"Sep 19, 2017","1.0000","1.0000","1.0100","1.0000","471.48K","0.00%"
"Sep 18, 2017","1.0000","1.0100","1.0200","1.0000","649.94K","-0.99%"
"Sep 17, 2017","1.0100","1.0100","1.0200","1.0000","405.02K","0.00%"
"Sep 16, 2017","1.0100","1.0100","1.0300","1.0000","785.28K","0.00%"
"Sep 15, 2017","1.0100","1.0100","1.0100","0.9953","1.08M","0.00%"
"Sep 14, 2017","1.0100","1.0000","1.0100","1.0000","1.31M","1.00%"
"Sep 13, 2017","1.0000","1.0000","1.0100","1.0000","756.34K","0.00%"
"Sep 12, 2017","1.0000","1.0100","1.0100","1.0000","549.13K","-0.99%"
"Sep 11, 2017","1.0100","1.0100","1.0200","1.0000","604.55K","0.00%"
"Sep 10, 2017","1.0100","1.0100","1.0300","1.0100","746.24K","0.00%"
"Sep 09, 2017","1.0100","1.0200","1.0200","1.0100","490.86K","-0.98%"
"Sep 08, 2017","1.0200","1.0100","1.0300","1.0100","781.49K","0.99%"
"Sep 07, 2017","1.0100","1.0200","1.0200","1.0100","638.66K","-0.98%"
"Sep 06, 2017","1.0200","1.0200","1.0400","1.0200","774.82K","0.00%"
"Sep 05, 2017","1.0200","1.0400","1.0500","1.0100","1.33M","-1.92%"
"Sep 04, 2017","1.0400","1.0200","1.0500","1.0100","900.37K","1.96%"
"Sep 03, 2017","1.0200","1.0200","1.0500","1.0100","609.39K","0.00%"
"Sep 02, 2017","1.0200","1.0100","1.0500","1.0000","443.86K","0.99%"
"Sep 01, 2017","1.0100","1.0000","1.0700","1.0000","450.60K","1.00%"
"Aug 31, 2017","1.0000","1.0000","1.0100","1.0000","280.34K","0.00%"
"Aug 30, 2017","1.0000","1.0100","1.0100","1.0000","215.58K","-0.99%"
"Aug 29, 2017","1.0100","1.0000","1.0200","1.0000","484.44K","1.00%"
"Aug 28, 2017","1.0000","1.0000","1.0000","1.0000","396.39K","0.00%"
"Aug 27, 2017","1.0000","1.0100","1.0100","1.0000","215.74K","-0.99%"
"Aug 26, 2017","1.0100","1.0100","1.0100","1.0100","118.21K","0.00%"
"Aug 25, 2017","1.0100","1.0100","1.0100","1.0000","254.25K","0.00%"
"Aug 24, 2017","1.0100","1.0100","1.0100","1.0100","199.40K","0.00%"
"Aug 23, 2017","1.0100","1.0100","1.0400","1.0100","318.87K","0.00%"
"Aug 22, 2017","1.0100","1.0100","1.0200","1.0000","313.75K","0.00%"
"Aug 21, 2017","1.0100","1.0000","1.0100","1.0000","603.09K","1.00%"
"Aug 20, 2017","1.0000","1.0000","1.0100","1.0000","309.44K","0.00%"
"Aug 19, 2017","1.0000","1.0000","1.0100","0.9999","868.09K","0.00%"
"Aug 18, 2017","1.0000","0.9999","1.0000","0.9902","704.93K","0.01%"
"Aug 17, 2017","0.9999","1.0000","1.0000","0.9872","951.05K","-0.01%"
"Aug 16, 2017","1.0000","1.0000","1.0000","1.0000","494.99K","0.00%"
"Aug 15, 2017","1.0000","1.0000","1.0000","0.9891","2.02M","0.00%"
"Aug 14, 2017","1.0000","1.0000","1.0000","0.9844","806.77K","0.00%"
"Aug 13, 2017","1.0000","1.0100","1.0100","1.0000","922.34K","-0.99%"
"Aug 12, 2017","1.0100","1.0000","1.0100","1.0000","845.13K","1.00%"
"Aug 11, 2017","1.0000","1.0000","1.0000","0.9800","1.34M","0.00%"
"Aug 10, 2017","1.0000","1.0000","1.0000","0.9985","531.50K","0.00%"
"Aug 09, 2017","1.0000","1.0000","1.0000","0.9982","729.91K","0.00%"
"Aug 08, 2017","1.0000","1.0000","1.0000","0.9974","381.38K","0.00%"
"Aug 07, 2017","1.0000","1.0000","1.0000","0.9972","900.68K","0.00%"
"Aug 06, 2017","1.0000","1.0000","1.0000","0.9983","671.21K","0.00%"
"Aug 05, 2017","1.0000","1.0000","1.0000","0.9972","713.50K","0.00%"
"Aug 04, 2017","1.0000","0.9931","1.0000","0.9931","410.03K","0.69%"
"Aug 03, 2017","0.9931","0.9991","1.0000","0.9902","656.84K","-0.60%"
"Aug 02, 2017","0.9991","1.0000","1.0000","0.9650","584.48K","-0.09%"
"Aug 01, 2017","1.0000","1.0000","1.0100","0.9950","997.74K","0.00%"
"Jul 31, 2017","1.0000","1.0000","1.0100","1.0000","504.89K","0.00%"
"Jul 30, 2017","1.0000","1.0000","1.0100","0.9991","497.44K","0.00%"
"Jul 29, 2017","1.0000","1.0000","1.0100","0.9984","886.65K","0.00%"
"Jul 28, 2017","1.0000","0.9993","1.0000","0.9966","1.70M","0.07%"
"Jul 27, 2017","0.9993","0.9985","1.0000","0.9918","587.17K","0.08%"
"Jul 26, 2017","0.9985","0.9869","1.0000","0.9869","862.75K","1.18%"
"Jul 25, 2017","0.9869","0.9969","1.0000","0.9830","456.30K","-1.00%"
"Jul 24, 2017","0.9969","1.0000","1.0000","0.9951","631.28K","-0.31%"
"Jul 23, 2017","1.0000","0.9976","1.0000","0.9941","1.02M","0.24%"
"Jul 22, 2017","0.9976","1.0000","1.0000","0.9975","284.09K","-0.24%"
"Jul 21, 2017","1.0000","1.0000","1.0100","0.9962","497.25K","0.00%"
"Jul 20, 2017","1.0000","1.0000","1.0000","0.9951","1.03M","0.00%"
"Jul 19, 2017","1.0000","1.0000","1.0000","1.0000","523.02K","0.00%"
"Jul 18, 2017","1.0000","1.0000","1.0100","0.9943","872.84K","0.00%"
"Jul 17, 2017","1.0000","0.9900","1.0000","0.9810","574.38K","1.01%"
"Jul 16, 2017","0.9900","0.9990","1.0000","0.9803","345.22K","-0.90%"
"Jul 15, 2017","0.9990","1.0000","1.0100","0.9990","1.04M","-0.10%"
"Jul 14, 2017","1.0000","1.0000","1.0100","1.0000","694.81K","0.00%"
"Jul 13, 2017","1.0000","1.0100","1.0100","1.0000","1.10M","-0.99%"
"Jul 12, 2017","1.0100","1.0100","1.0100","1.0000","823.34K","0.00%"
"Jul 11, 2017","1.0100","1.0100","1.0100","1.0000","920.95K","0.00%"
"Jul 10, 2017","1.0100","1.0100","1.0100","1.0000","988.75K","0.00%"
"Jul 09, 2017","1.0100","1.0100","1.0100","1.0100","232.80K","0.00%"
"Jul 08, 2017","1.0100","1.0100","1.0200","1.0100","309.97K","0.00%"
"Jul 07, 2017","1.0100","1.0100","1.0200","1.0100","608.89K","0.00%"
"Jul 06, 2017","1.0100","1.0100","1.0300","1.0100","553.52K","0.00%"
"Jul 05, 2017","1.0100","1.0100","1.0100","1.0100","647.89K","0.00%"
"Jul 04, 2017","1.0100","1.0100","1.0200","1.0100","394.42K","0.00%"
"Jul 03, 2017","1.0100","1.0300","1.0300","1.0100","498.71K","-1.94%"
"Jul 02, 2017","1.0300","1.0100","1.0400","1.0100","644.01K","1.98%"
"Jul 01, 2017","1.0100","1.0100","1.0300","1.0100","1.29M","0.00%"
"Jun 30, 2017","1.0100","1.0200","1.0200","1.0100","344.15K","-0.98%"
"Jun 29, 2017","1.0200","1.0200","1.0300","1.0000","551.05K","0.00%"
"Jun 28, 2017","1.0200","1.0100","1.0300","1.0100","1.56M","0.99%"
"Jun 27, 2017","1.0100","1.0000","1.0100","0.9930","1.30M","1.00%"
"Jun 26, 2017","1.0000","1.0000","1.0200","1.0000","734.98K","0.00%"
"Jun 25, 2017","1.0000","1.0200","1.0200","0.9990","283.24K","-1.96%"
"Jun 24, 2017","1.0200","1.0000","1.0200","0.9969","1.06M","2.00%"
"Jun 23, 2017","1.0000","1.0100","1.0100","0.9969","500.18K","-0.99%"
"Jun 22, 2017","1.0100","1.0100","1.0200","1.0000","755.48K","0.00%"
"Jun 21, 2017","1.0100","1.0000","1.0100","1.0000","355.75K","1.00%"
"Jun 20, 2017","1.0000","1.0000","1.0100","1.0000","136.28K","0.00%"
"Jun 19, 2017","1.0000","1.0200","1.0200","1.0000","194.48K","-1.96%"
"Jun 18, 2017","1.0200","1.0100","1.0200","1.0100","294.65K","0.99%"
"Jun 17, 2017","1.0100","1.0100","1.0200","1.0100","149.82K","0.00%"
"Jun 16, 2017","1.0100","1.0200","1.0500","1.0100","308.66K","-0.98%"
"Jun 15, 2017","1.0200","1.0100","1.0600","1.0100","536.47K","0.99%"
"Jun 14, 2017","1.0100","1.0100","1.0700","1.0100","390.17K","0.00%"
"Jun 13, 2017","1.0100","1.0000","1.0400","1.0000","432.60K","1.00%"
"Jun 12, 2017","1.0000","0.9951","1.0100","0.9950","485.62K","0.49%"
"Jun 11, 2017","0.9951","1.0000","1.0100","0.9840","197.30K","-0.49%"
"Jun 10, 2017","1.0000","1.0000","1.0100","0.9995","292.68K","0.00%"
"Jun 09, 2017","1.0000","1.0100","1.0100","0.9990","229.01K","-0.99%"
"Jun 08, 2017","1.0100","1.0200","1.0200","1.0000","260.08K","-0.98%"
"Jun 07, 2017","1.0200","1.0100","1.0200","1.0100","269.60K","0.99%"
"Jun 06, 2017","1.0100","1.0200","1.0400","1.0100","332.98K","-0.98%"
"Jun 05, 2017","1.0200","1.0200","1.0300","1.0200","139.63K","0.00%"
"Jun 04, 2017","1.0200","1.0300","1.0500","1.0200","121.69K","-0.97%"
"Jun 03, 2017","1.0300","1.0300","1.0500","1.0100","203.33K","0.00%"
"Jun 02, 2017","1.0300","1.0400","1.0600","1.0300","178.29K","-0.96%"
"Jun 01, 2017","1.0400","1.0600","1.0600","1.0100","316.04K","-1.89%"
"May 31, 2017","1.0600","1.0200","1.0700","1.0000","311.73K","3.92%"
"May 30, 2017","1.0200","1.0400","1.0400","1.0100","451.24K","-1.92%"
"May 29, 2017","1.0400","1.0000","1.0400","1.0000","259.80K","4.00%"
"May 28, 2017","1.0000","1.0000","1.0400","1.0000","293.18K","0.00%"
"May 27, 2017","1.0000","1.0200","1.0500","1.0000","258.25K","-1.96%"
"May 26, 2017","1.0200","1.0000","1.0500","1.0000","205.32K","2.00%"
"May 25, 2017","1.0000","1.0100","1.0700","0.9840","182.73K","-0.99%"
"May 24, 2017","1.0100","0.9990","1.0200","0.9801","387.87K","1.10%"
"May 23, 2017","0.9990","1.0000","1.0200","0.9827","206.72K","-0.10%"
"May 22, 2017","1.0000","0.9956","1.0000","0.9768","309.60K","0.44%"
"May 21, 2017","0.9956","0.9900","1.0000","0.9770","129.30K","0.57%"
"May 20, 2017","0.9900","0.9983","0.9990","0.9801","200.80K","-0.83%"
"May 19, 2017","0.9983","0.9799","0.9983","0.9706","234.10K","1.88%"
"May 18, 2017","0.9799","0.9766","0.9868","0.9703","24.74K","0.34%"
"May 17, 2017","0.9766","0.9897","0.9897","0.9702","23.83K","-1.32%"
"May 16, 2017","0.9897","0.9773","0.9898","0.9700","53.56K","1.27%"
"May 15, 2017","0.9773","0.9800","0.9920","0.9722","88.55K","-0.28%"
"May 14, 2017","0.9800","0.9778","0.9886","0.9615","82.51K","0.22%"
"May 13, 2017","0.9778","0.9811","0.9857","0.9560","29.36K","-0.34%"
"May 12, 2017","0.9811","0.9725","0.9928","0.9601","34.44K","0.88%"
"May 11, 2017","0.9725","0.9940","0.9986","0.9475","309.21K","-2.16%"
"May 10, 2017","0.9940","0.9700","0.9946","0.9650","253.82K","2.47%"
"May 09, 2017","0.9700","0.9711","0.9780","0.9527","462.52K","-0.11%"
"May 08, 2017","0.9711","0.9281","0.9720","0.9281","69.67K","4.63%"
"May 07, 2017","0.9281","0.9830","0.9830","0.9280","59.90K","-5.58%"
"May 06, 2017","0.9830","0.9790","0.9929","0.9550","56.41K","0.41%"
"May 05, 2017","0.9790","0.9590","0.9800","0.9306","196.71K","2.09%"
"May 04, 2017","0.9590","0.9347","0.9639","0.9155","198.89K","2.60%"
"May 03, 2017","0.9347","0.9283","0.9480","0.9212","76.23K","0.69%"
"May 02, 2017","0.9283","0.9156","0.9400","0.9121","57.01K","1.39%"
"May 01, 2017","0.9156","0.9350","0.9400","0.9151","34.19K","-2.07%"
"Apr 30, 2017","0.9350","0.9310","0.9529","0.9120","74.27K","0.43%"
"Apr 29, 2017","0.9310","0.9400","0.9524","0.9310","25.58K","-0.96%"
"Apr 28, 2017","0.9400","0.9200","0.9649","0.9199","75.78K","2.17%"
"Apr 27, 2017","0.9200","0.9201","0.9370","0.9199","47.57K","-0.01%"
"Apr 26, 2017","0.9201","0.9040","0.9367","0.9030","52.90K","1.78%"
"Apr 25, 2017","0.9040","0.9150","0.9250","0.8900","100.97K","-1.20%"
"Apr 24, 2017","0.9150","0.9150","0.9286","0.9010","79.09K","0.00%"
"Apr 23, 2017","0.9150","0.9150","0.9400","0.9010","76.41K","0.00%"
"Apr 22, 2017","0.9150","0.9363","0.9500","0.9150","118.03K","-2.27%"
"Apr 21, 2017","0.9363","0.9490","0.9500","0.9000","61.12K","-1.34%"
"Apr 20, 2017","0.9490","0.9460","0.9549","0.9200","76.29K","0.32%"
"Apr 19, 2017","0.9460","0.9450","0.9549","0.9372","28.87K","0.11%"
"Apr 18, 2017","0.9450","0.9392","0.9628","0.9207","39.25K","0.62%"
"Apr 17, 2017","0.9392","0.9515","0.9698","0.9211","38.75K","-1.29%"
"Apr 16, 2017","0.9515","0.9896","0.9896","0.9515","12.41K","-3.85%"
"Apr 15, 2017","0.9896","0.9899","0.9899","0.9676","14.92K","-0.03%"
"Apr 14, 2017","0.9899","0.9939","0.9960","0.9689","71.65K","-0.40%"