"Date","Price","Open","High","Low","Vol.","Change %"
"Nov 16, 2017","0.015240","0.016480","0.017600","0.014880","12.67K","-7.52%"
"Nov 17, 2017","0.016310","0.015240","0.016460","0.014940","19.76K","7.02%"
"Nov 18, 2017","0.016920","0.016310","0.017570","0.015970","11.21K","3.74%"
"Nov 19, 2017","0.016110","0.016920","0.017330","0.015620","11.23K","-4.79%"
"Nov 20, 2017","0.016590","0.016110","0.017990","0.015900","11.33K","2.98%"
"Nov 21, 2017","0.017440","0.016590","0.017440","0.016380","12.30K","5.12%"
"Nov 22, 2017","0.020040","0.017440","0.021260","0.017240","16.75K","14.91%"
"Nov 23, 2017","0.019840","0.020040","0.021600","0.018840","18.01K","-1.00%"
"Nov 24, 2017","0.019330","0.019840","0.020140","0.018620","11.86K","-2.57%"
"Nov 25, 2017","0.019140","0.019330","0.020330","0.019000","13.09K","-0.98%"
"Nov 26, 2017","0.017480","0.019140","0.019250","0.016970","11.56K","-8.67%"
"Nov 27, 2017","0.017800","0.017480","0.019390","0.016600","11.30K","1.83%"
"Nov 28, 2017","0.019760","0.017800","0.020090","0.015400","21.65K","11.01%"
"Nov 29, 2017","0.017090","0.019760","0.020300","0.017000","20.15K","-13.51%"
"Nov 30, 2017","0.017600","0.017090","0.018590","0.016500","16.19K","2.98%"
"Dec 01, 2017","0.017390","0.017600","0.017980","0.017080","22.14K","-1.19%"
"Dec 02, 2017","0.018400","0.017390","0.018500","0.016900","18.60K","5.81%"
"Dec 03, 2017","0.017550","0.018400","0.018860","0.017180","21.31K","-4.62%"
"Dec 04, 2017","0.018000","0.017550","0.018150","0.016050","25.09K","2.56%"
"Dec 05, 2017","0.021220","0.018000","0.021240","0.017780","43.05K","17.89%"
"Dec 06, 2017","0.018700","0.021220","0.025000","0.017960","41.81K","-11.88%"
"Dec 07, 2017","0.015230","0.018700","0.019810","0.013950","34.99K","-18.56%"
"Dec 08, 2017","0.016360","0.015230","0.018000","0.014420","22.13K","7.42%"
"Dec 09, 2017","0.017300","0.016360","0.019100","0.016220","24.58K","5.75%"
"Dec 10, 2017","0.015900","0.017300","0.018050","0.015800","18.20K","-8.09%"
"Dec 11, 2017","0.016610","0.015900","0.017410","0.015310","18.75K","4.47%"
"Dec 12, 2017","0.018120","0.016610","0.019100","0.016430","35.06K","9.09%"
"Dec 13, 2017","0.019800","0.018120","0.020000","0.017570","31.41K","9.27%"
"Dec 14, 2017","0.020110","0.019800","0.021660","0.018400","49.02K","1.57%"
"Dec 15, 2017","0.017490","0.020110","0.020200","0.016010","32.11K","-13.03%"
"Dec 16, 2017","0.016670","0.017490","0.018790","0.016300","29.45K","-4.69%"
"Dec 17, 2017","0.018160","0.016670","0.019120","0.016670","36.44K","8.94%"
"Dec 18, 2017","0.019740","0.018160","0.019800","0.017810","35.47K","8.70%"
"Dec 19, 2017","0.020630","0.019740","0.021230","0.019400","39.70K","4.51%"
"Dec 20, 2017","0.029150","0.020630","0.031000","0.019520","69.26K","41.30%"
"Dec 21, 2017","0.027000","0.029150","0.029400","0.026000","41.83K","-7.38%"
"Dec 22, 2017","0.024230","0.027000","0.027260","0.022000","42.82K","-10.26%"
"Dec 23, 2017","0.024530","0.024230","0.026000","0.023990","17.78K","1.24%"
"Dec 24, 2017","0.024380","0.024530","0.025490","0.023510","20.82K","-0.61%"
"Dec 25, 2017","0.024430","0.024380","0.024850","0.024000","22.53K","0.21%"
"Dec 26, 2017","0.022800","0.024430","0.025100","0.021820","33.75K","-6.67%"
"Dec 27, 2017","0.024320","0.022800","0.025100","0.022660","33.62K","6.67%"
"Dec 28, 2017","0.024820","0.024320","0.025350","0.023100","34.79K","2.06%"
"Dec 29, 2017","0.024540","0.024820","0.025410","0.024020","36.24K","-1.13%"
"Dec 30, 2017","0.024500","0.024540","0.025600","0.023900","42.02K","-0.16%"
"Dec 31, 2017","0.024100","0.024500","0.024900","0.023900","36.50K","-1.63%"
"Jan 01, 2018","0.025190","0.024100","0.025680","0.023800","37.86K","4.52%"
"Jan 02, 2018","0.024730","0.025190","0.027820","0.022010","49.13K","-1.83%"
"Jan 03, 2018","0.025530","0.024730","0.025830","0.023660","38.38K","3.23%"
"Jan 04, 2018","0.024350","0.025530","0.025810","0.024100","38.68K","-4.62%"
"Jan 05, 2018","0.020910","0.024350","0.024860","0.020100","44.61K","-14.13%"
"Jan 06, 2018","0.022920","0.020910","0.023800","0.019790","42.01K","9.61%"
"Jan 07, 2018","0.024730","0.022920","0.025880","0.022800","46.25K","7.90%"
"Jan 08, 2018","0.026660","0.024730","0.027400","0.024230","44.96K","7.80%"
"Jan 09, 2018","0.028430","0.026660","0.029700","0.023900","50.50K","6.64%"
"Jan 10, 2018","0.027240","0.028430","0.029260","0.027090","42.28K","-4.19%"
"Jan 11, 2018","0.026710","0.027240","0.028450","0.026510","38.46K","-1.95%"
"Jan 12, 2018","0.027890","0.026710","0.028300","0.026500","17.92K","4.42%"
"Jan 13, 2018","0.029400","0.027890","0.030000","0.027730","27.61K","5.41%"
"Jan 14, 2018","0.028820","0.029400","0.030900","0.028500","16.19K","-1.97%"
"Jan 15, 2018","0.030370","0.028820","0.032000","0.028710","23.21K","5.38%"
"Jan 16, 2018","0.028290","0.030370","0.034000","0.025680","55.04K","-6.85%"
"Jan 17, 2018","0.028850","0.028290","0.029720","0.025610","34.07K","1.98%"
"Jan 18, 2018","0.028070","0.028850","0.029950","0.027990","33.68K","-2.70%"
"Jan 19, 2018","0.031810","0.028070","0.032300","0.028000","31.27K","13.32%"
"Jan 20, 2018","0.030140","0.031810","0.032490","0.029300","29.60K","-5.25%"
"Jan 21, 2018","0.030189","0.030136","0.030870","0.029403","12.71K","0.16%"
"Jan 22, 2018","0.029174","0.030191","0.030330","0.028500","17.56K","-3.36%"
"Jan 23, 2018","0.028458","0.029174","0.029627","0.027645","14.86K","-2.45%"
"Jan 24, 2018","0.028199","0.028459","0.029000","0.028005","16.03K","-0.91%"
"Jan 25, 2018","0.028314","0.028160","0.028360","0.027700","12.51K","0.41%"
"Jan 26, 2018","0.029168","0.028324","0.029390","0.027850","15.75K","3.02%"
"Jan 27, 2018","0.028329","0.029168","0.029357","0.028184","11.09K","-2.88%"
"Jan 28, 2018","0.028239","0.028329","0.028790","0.027700","13.11K","-0.32%"
"Jan 29, 2018","0.028044","0.028239","0.028500","0.027578","13.31K","-0.69%"
"Jan 30, 2018","0.027229","0.028044","0.028266","0.026767","27.15K","-2.91%"
"Jan 31, 2018","0.026923","0.027229","0.027796","0.026746","13.38K","-1.12%"
"Feb 01, 2018","0.026428","0.026923","0.027650","0.026100","19.33K","-1.84%"
"Feb 02, 2018","0.026907","0.026428","0.027700","0.024050","19.88K","1.81%"
"Feb 03, 2018","0.027579","0.026750","0.027873","0.026200","13.67K","2.50%"
"Feb 04, 2018","0.026701","0.027455","0.027799","0.026300","9.63K","-3.18%"
"Feb 05, 2018","0.025909","0.026701","0.026750","0.024790","18.56K","-2.97%"
"Feb 06, 2018","0.027280","0.025909","0.027391","0.024408","19.21K","5.29%"
"Feb 07, 2018","0.027056","0.027297","0.027987","0.026001","15.94K","-0.82%"
"Feb 08, 2018","0.027495","0.027056","0.027495","0.027051","15.81K","1.62%"
"Feb 09, 2018","0.029683","0.029582","0.029683","0.028950","18.65K","7.96%"
"Feb 10, 2018","0.028803","0.029679","0.029987","0.028792","15.67K","-2.96%"
"Feb 11, 2018","0.028293","0.028805","0.029070","0.027562","9.70K","-1.77%"
"Feb 12, 2018","0.027788","0.028345","0.028838","0.027568","6.84K","-1.78%"
"Feb 13, 2018","0.027300","0.028000","0.028000","0.026945","9.93K","-1.76%"
"Feb 14, 2018","0.029025","0.027300","0.029339","0.027096","25.43K","6.32%"
"Feb 15, 2018","0.029460","0.029099","0.029780","0.027553","22.78K","1.50%"
"Feb 16, 2018","0.028984","0.029456","0.029470","0.028019","17.71K","-1.62%"
"Feb 17, 2018","0.029002","0.028843","0.030675","0.028693","26.49K","0.06%"
"Feb 18, 2018","0.028284","0.029002","0.029171","0.028001","13.37K","-2.48%"
"Feb 19, 2018","0.028144","0.028284","0.029049","0.028017","11.89K","-0.49%"
"Feb 20, 2018","0.026569","0.028144","0.028157","0.026328","11.57K","-5.60%"
"Feb 21, 2018","0.029302","0.026569","0.029715","0.026016","35.16K","10.29%"
"Feb 22, 2018","0.027863","0.029258","0.029406","0.027604","17.72K","-4.91%"
"Feb 23, 2018","0.027412","0.027863","0.028463","0.027200","19.31K","-1.62%"
"Feb 24, 2018","0.027738","0.027412","0.028146","0.026870","18.97K","1.19%"
"Feb 25, 2018","0.029047","0.027610","0.029047","0.027489","10.95K","4.72%"
"Feb 26, 2018","0.028125","0.029060","0.029100","0.027800","16.36K","-3.17%"
"Feb 27, 2018","0.028255","0.028125","0.029068","0.027650","18.76K","0.46%"
"Feb 28, 2018","0.027489","0.028255","0.028299","0.027290","14.27K","-2.71%"
"Mar 01, 2018","0.028693","0.027490","0.028781","0.027369","19.05K","4.38%"
"Mar 02, 2018","0.031170","0.028693","0.031897","0.028252","74.19K","8.63%"
"Mar 03, 2018","0.030498","0.031199","0.032993","0.030164","78.06K","-2.16%"
"Mar 04, 2018","0.031970","0.030497","0.032340","0.030300","45.00K","4.83%"
"Mar 05, 2018","0.032216","0.031970","0.032880","0.030843","46.84K","0.77%"
"Mar 06, 2018","0.032050","0.032250","0.032581","0.031397","34.20K","-0.52%"
"Mar 07, 2018","0.033980","0.032050","0.034339","0.031911","61.79K","6.02%"
"Mar 08, 2018","0.029484","0.033987","0.033987","0.029346","46.21K","-13.23%"
"Mar 09, 2018","0.030798","0.029449","0.030798","0.028404","41.63K","4.46%"
"Mar 10, 2018","0.028902","0.030834","0.031240","0.028750","25.36K","-6.16%"
"Mar 11, 2018","0.029390","0.028902","0.029700","0.028775","21.67K","1.69%"
"Mar 12, 2018","0.028116","0.029390","0.029468","0.027801","24.29K","-4.33%"
"Mar 13, 2018","0.026903","0.028122","0.028249","0.026902","27.04K","-4.31%"
"Mar 14, 2018","0.026096","0.026923","0.027445","0.025602","37.81K","-3.00%"
"Mar 15, 2018","0.025680","0.026097","0.027443","0.025000","42.13K","-1.59%"
"Mar 16, 2018","0.025936","0.025679","0.026000","0.024929","38.33K","1.00%"
"Mar 17, 2018","0.025008","0.025939","0.025999","0.024663","31.34K","-3.58%"
"Mar 18, 2018","0.025467","0.025009","0.025575","0.023450","42.66K","1.84%"
"Mar 19, 2018","0.025200","0.025470","0.025893","0.024600","33.67K","-1.05%"
"Mar 20, 2018","0.025050","0.025255","0.025885","0.024529","34.18K","-0.60%"
"Mar 21, 2018","0.024443","0.025051","0.025941","0.024348","35.00K","-2.42%"
"Mar 22, 2018","0.024302","0.024448","0.024700","0.023815","29.70K","-0.58%"
"Mar 23, 2018","0.024051","0.024340","0.025180","0.023650","31.49K","-1.03%"
"Mar 24, 2018","0.024242","0.024006","0.024274","0.023910","24.70K","0.79%"
"Mar 25, 2018","0.024919","0.024174","0.024977","0.023833","27.71K","2.79%"
"Mar 26, 2018","0.024022","0.024969","0.025000","0.023751","28.88K","-3.60%"
"Mar 27, 2018","0.024012","0.024023","0.024298","0.023153","30.37K","-0.04%"
"Mar 28, 2018","0.024989","0.024012","0.025224","0.023864","30.24K","4.07%"
"Mar 29, 2018","0.024748","0.024990","0.025304","0.024409","39.42K","-0.96%"
"Mar 30, 2018","0.025124","0.024772","0.025284","0.024021","29.47K","1.52%"
"Mar 31, 2018","0.025666","0.025124","0.025847","0.024925","25.45K","2.16%"
"Apr 01, 2018","0.025569","0.025599","0.026002","0.025168","27.09K","-0.38%"
"Apr 02, 2018","0.025010","0.025597","0.025768","0.024926","27.19K","-2.19%"
"Apr 03, 2018","0.025456","0.025009","0.025488","0.024732","29.39K","1.78%"
"Apr 04, 2018","0.024903","0.025457","0.025500","0.024784","27.67K","-2.17%"
"Apr 05, 2018","0.025423","0.024905","0.025799","0.024765","33.28K","2.09%"
"Apr 06, 2018","0.024393","0.025425","0.025989","0.024327","30.20K","-4.05%"
"Apr 07, 2018","0.024595","0.024430","0.024796","0.024293","21.49K","0.83%"
"Apr 08, 2018","0.024730","0.024595","0.024785","0.024098","25.12K","0.55%"
"Apr 09, 2018","0.024601","0.024729","0.025061","0.024476","23.92K","-0.52%"
"Apr 10, 2018","0.024162","0.024601","0.024699","0.023963","28.32K","-1.78%"
"Apr 11, 2018","0.024281","0.024143","0.024399","0.023800","33.68K","0.49%"
"Apr 12, 2018","0.024332","0.024253","0.024814","0.023800","41.05K","0.21%"
"Apr 13, 2018","0.024084","0.024334","0.024631","0.023889","39.41K","-1.02%"
"Apr 14, 2018","0.023840","0.024009","0.024286","0.023677","27.89K","-1.01%"
"Apr 15, 2018","0.024159","0.023793","0.024548","0.023740","29.63K","1.34%"
"Apr 16, 2018","0.024057","0.024101","0.024365","0.023807","32.59K","-0.42%"
"Apr 17, 2018","0.024691","0.024100","0.024981","0.024057","38.89K","2.64%"
"Apr 18, 2018","0.028046","0.024691","0.029761","0.024688","108.82K","13.59%"
"Apr 19, 2018","0.028749","0.027993","0.029053","0.027372","61.14K","2.51%"
"Apr 20, 2018","0.030642","0.028704","0.030719","0.028561","57.38K","6.58%"
"Apr 21, 2018","0.028714","0.030739","0.030739","0.027608","51.58K","-6.29%"
"Apr 22, 2018","0.030603","0.028709","0.031798","0.028058","64.62K","6.58%"
"Apr 23, 2018","0.031609","0.030728","0.032016","0.030636","45.03K","3.29%"
"Apr 24, 2018","0.030342","0.031616","0.031924","0.030218","46.04K","-4.01%"
"Apr 25, 2018","0.028920","0.030254","0.030270","0.027182","57.03K","-4.69%"
"Apr 26, 2018","0.028800","0.028916","0.031510","0.028390","56.57K","-0.41%"
"Apr 27, 2018","0.028008","0.028768","0.028991","0.027616","51.11K","-2.75%"
"Apr 28, 2018","0.027945","0.028007","0.028452","0.027330","48.03K","-0.22%"
"Apr 29, 2018","0.027158","0.027945","0.027951","0.026308","50.21K","-2.82%"
"Apr 30, 2018","0.026143","0.027140","0.027643","0.025900","62.87K","-3.74%"
"May 01, 2018","0.026374","0.026180","0.026600","0.025502","46.46K","0.88%"
"May 02, 2018","0.027010","0.026375","0.027631","0.026353","53.85K","2.41%"
"May 03, 2018","0.025202","0.027011","0.027011","0.024970","63.26K","-6.69%"
"May 04, 2018","0.024910","0.025203","0.025710","0.024700","40.17K","-1.16%"
"May 05, 2018","0.024517","0.024910","0.025132","0.024467","40.91K","-1.58%"
"May 06, 2018","0.024512","0.024456","0.024970","0.024250","35.37K","-0.02%"
"May 07, 2018","0.024860","0.024470","0.025085","0.023981","41.84K","1.42%"
"May 08, 2018","0.024423","0.024861","0.025029","0.024111","34.70K","-1.76%"
"May 09, 2018","0.024391","0.024410","0.025105","0.023927","41.64K","-0.13%"
"May 10, 2018","0.024071","0.024374","0.024973","0.024024","37.75K","-1.31%"
"May 11, 2018","0.023426","0.024103","0.024105","0.023100","44.99K","-2.68%"
"May 12, 2018","0.023851","0.023472","0.023900","0.023130","34.67K","1.81%"
"May 13, 2018","0.023887","0.023771","0.024593","0.023748","34.67K","0.15%"
"May 14, 2018","0.024533","0.023880","0.024899","0.023536","49.00K","2.70%"
"May 15, 2018","0.024010","0.024592","0.024941","0.023753","37.86K","-2.13%"
"May 16, 2018","0.023878","0.023995","0.024216","0.023502","27.82K","-0.55%"
"May 17, 2018","0.023697","0.023849","0.024377","0.023650","27.39K","-0.76%"
"May 18, 2018","0.024744","0.023688","0.025724","0.023256","39.42K","4.42%"
"May 19, 2018","0.023970","0.024732","0.024900","0.023883","24.55K","-3.13%"
"May 20, 2018","0.023856","0.023999","0.024084","0.023759","26.78K","-0.48%"
"May 21, 2018","0.023569","0.023894","0.023903","0.023254","29.51K","-1.20%"
"May 22, 2018","0.021937","0.023616","0.023700","0.021855","44.68K","-6.92%"
"May 23, 2018","0.022741","0.021948","0.023227","0.021702","45.33K","3.67%"
"May 24, 2018","0.022661","0.022847","0.023350","0.021929","37.81K","-0.35%"
"May 25, 2018","0.022050","0.022652","0.022842","0.021960","21.71K","-2.70%"
"May 26, 2018","0.022420","0.022049","0.022457","0.021930","21.87K","1.68%"
"May 27, 2018","0.022608","0.022422","0.023204","0.022010","26.29K","0.84%"
"May 28, 2018","0.021076","0.022573","0.022860","0.020986","27.57K","-6.78%"
"May 29, 2018","0.021130","0.021069","0.022477","0.020712","47.25K","0.26%"
"May 30, 2018","0.020938","0.021141","0.021430","0.020802","33.44K","-0.91%"
"May 31, 2018","0.020777","0.020954","0.021200","0.020596","30.40K","-0.77%"
"Jun 01, 2018","0.020902","0.020766","0.021120","0.020435","29.52K","0.60%"
"Jun 02, 2018","0.021290","0.020969","0.021931","0.020850","34.22K","1.86%"
"Jun 03, 2018","0.021894","0.021306","0.022953","0.021266","40.76K","2.84%"
"Jun 04, 2018","0.021320","0.021856","0.022203","0.021026","29.02K","-2.62%"
"Jun 05, 2018","0.021945","0.021397","0.022250","0.021175","37.52K","2.93%"
"Jun 06, 2018","0.021511","0.021956","0.022029","0.021364","30.11K","-1.98%"
"Jun 07, 2018","0.021273","0.021511","0.022235","0.021222","35.41K","-1.11%"
"Jun 08, 2018","0.020829","0.021281","0.021529","0.020640","28.94K","-2.09%"
"Jun 09, 2018","0.020618","0.020771","0.020935","0.020444","19.50K","-1.01%"
"Jun 10, 2018","0.020646","0.020650","0.020692","0.019568","38.99K","0.14%"
"Jun 11, 2018","0.020093","0.020586","0.020785","0.019563","36.50K","-2.68%"
"Jun 12, 2018","0.019130","0.020092","0.020173","0.018450","35.67K","-4.79%"
"Jun 13, 2018","0.019276","0.019130","0.019329","0.018121","39.21K","0.76%"
"Jun 14, 2018","0.020026","0.019285","0.020569","0.018718","46.23K","3.89%"
"Jun 15, 2018","0.019056","0.020049","0.020383","0.018958","33.42K","-4.84%"
"Jun 16, 2018","0.019458","0.019065","0.019850","0.018865","27.75K","2.11%"
"Jun 17, 2018","0.019079","0.019498","0.019555","0.018908","24.80K","-1.95%"
"Jun 18, 2018","0.018912","0.019108","0.019250","0.018574","22.88K","-0.88%"
"Jun 19, 2018","0.018665","0.018912","0.019193","0.018550","30.44K","-1.31%"
"Jun 20, 2018","0.018149","0.018669","0.018894","0.018050","32.46K","-2.76%"
"Jun 21, 2018","0.018369","0.018149","0.018400","0.018053","20.68K","1.21%"
"Jun 22, 2018","0.018243","0.018369","0.018500","0.017706","39.75K","-0.69%"
"Jun 23, 2018","0.018650","0.018235","0.019480","0.018100","29.78K","2.23%"
"Jun 24, 2018","0.019717","0.018650","0.020186","0.018520","38.28K","5.72%"
"Jun 25, 2018","0.020299","0.019709","0.020810","0.019563","43.40K","2.95%"
"Jun 26, 2018","0.019800","0.020271","0.021087","0.019579","31.62K","-2.46%"
"Jun 27, 2018","0.021021","0.019801","0.021232","0.019722","46.83K","6.17%"
"Jun 28, 2018","0.020010","0.021022","0.022000","0.019676","59.23K","-4.81%"
"Jun 29, 2018","0.020361","0.020075","0.020654","0.019602","36.09K","1.75%"
"Jun 30, 2018","0.020443","0.020394","0.021132","0.019966","27.13K","0.40%"
"Jul 01, 2018","0.020500","0.020443","0.021000","0.019915","27.10K","0.28%"
"Jul 02, 2018","0.021285","0.020547","0.021557","0.020200","37.42K","3.83%"
"Jul 03, 2018","0.021259","0.021272","0.021760","0.020766","31.79K","-0.12%"
"Jul 04, 2018","0.021071","0.021245","0.021899","0.020620","22.36K","-0.88%"
"Jul 05, 2018","0.021099","0.021066","0.021295","0.020377","26.51K","0.13%"
"Jul 06, 2018","0.020123","0.021042","0.021216","0.019905","24.95K","-4.63%"
"Jul 07, 2018","0.019854","0.020154","0.020377","0.019782","25.61K","-1.34%"
"Jul 08, 2018","0.020490","0.019852","0.020618","0.019736","20.79K","3.20%"
"Jul 09, 2018","0.020318","0.020463","0.021000","0.020261","30.17K","-0.84%"
"Jul 10, 2018","0.019164","0.020317","0.020551","0.019111","30.55K","-5.68%"
"Jul 11, 2018","0.019635","0.019164","0.020284","0.019150","34.61K","2.46%"
"Jul 12, 2018","0.019298","0.019601","0.019968","0.019115","29.00K","-1.72%"
"Jul 13, 2018","0.019650","0.019350","0.019993","0.019149","27.23K","1.82%"
"Jul 14, 2018","0.019640","0.019668","0.019763","0.019353","23.69K","-0.05%"
"Jul 15, 2018","0.019493","0.019640","0.019790","0.019281","31.77K","-0.75%"
"Jul 16, 2018","0.020141","0.019511","0.020358","0.019222","44.03K","3.32%"
"Jul 17, 2018","0.019676","0.020091","0.021000","0.019553","46.28K","-2.31%"
"Jul 18, 2018","0.018911","0.019679","0.020056","0.018752","32.09K","-3.89%"
"Jul 19, 2018","0.018633","0.018911","0.019527","0.018619","32.33K","-1.47%"
"Jul 20, 2018","0.017702","0.018673","0.018749","0.017549","44.91K","-5.00%"
"Jul 21, 2018","0.017834","0.017651","0.017927","0.017475","32.08K","0.75%"
"Jul 22, 2018","0.017298","0.017833","0.017981","0.017224","29.02K","-3.01%"
"Jul 23, 2018","0.017370","0.017293","0.018450","0.017164","36.80K","0.42%"
"Jul 24, 2018","0.017569","0.017370","0.017917","0.017000","41.97K","1.15%"
"Jul 25, 2018","0.017532","0.017561","0.017784","0.016931","33.43K","-0.21%"
"Jul 26, 2018","0.017200","0.017484","0.017683","0.017117","34.53K","-1.89%"
"Jul 27, 2018","0.017174","0.017223","0.017479","0.017091","29.73K","-0.15%"
"Jul 28, 2018","0.017049","0.017143","0.017365","0.017008","24.65K","-0.73%"
"Jul 29, 2018","0.016502","0.017016","0.017186","0.016400","28.92K","-3.21%"
"Jul 30, 2018","0.016122","0.016500","0.016607","0.016100","27.82K","-2.30%"
"Jul 31, 2018","0.015752","0.016122","0.016588","0.015625","33.73K","-2.29%"
"Aug 01, 2018","0.016841","0.015803","0.017132","0.015699","31.62K","6.91%"
"Aug 02, 2018","0.016195","0.016857","0.017099","0.016000","34.11K","-3.84%"
"Aug 03, 2018","0.016200","0.016194","0.016300","0.015719","33.69K","0.03%"
"Aug 04, 2018","0.016279","0.016199","0.016535","0.015880","32.03K","0.49%"
"Aug 05, 2018","0.016704","0.016280","0.016739","0.016105","31.22K","2.61%"
"Aug 06, 2018","0.016314","0.016704","0.016832","0.016305","26.19K","-2.33%"
"Aug 07, 2018","0.016023","0.016313","0.016627","0.016011","29.04K","-1.78%"
"Aug 08, 2018","0.015072","0.016001","0.016151","0.014828","47.32K","-5.94%"
"Aug 09, 2018","0.015306","0.015073","0.015912","0.015055","39.31K","1.55%"
"Aug 10, 2018","0.014876","0.015305","0.015500","0.014800","34.10K","-2.81%"
"Aug 11, 2018","0.014901","0.014878","0.015190","0.014345","52.72K","0.17%"
"Aug 12, 2018","0.014699","0.014900","0.015182","0.014658","32.60K","-1.36%"
"Aug 13, 2018","0.014006","0.014701","0.015094","0.014005","46.64K","-4.71%"
"Aug 14, 2018","0.013614","0.014042","0.014194","0.013100","55.74K","-2.80%"
"Aug 15, 2018","0.014254","0.013592","0.014476","0.013592","35.40K","4.70%"
"Aug 16, 2018","0.014400","0.014211","0.014497","0.014076","34.85K","1.02%"
"Aug 17, 2018","0.015125","0.014400","0.015500","0.014390","40.55K","5.03%"
"Aug 18, 2018","0.015390","0.015118","0.016209","0.014978","52.39K","1.75%"
"Aug 19, 2018","0.015144","0.015344","0.015500","0.014900","37.86K","-1.60%"
"Aug 20, 2018","0.014786","0.015152","0.015819","0.014741","36.09K","-2.36%"
"Aug 21, 2018","0.014624","0.014786","0.014985","0.014344","27.97K","-1.10%"
"Aug 22, 2018","0.014135","0.014616","0.014681","0.013979","28.91K","-3.34%"
"Aug 23, 2018","0.013784","0.014133","0.014144","0.013756","39.20K","-2.48%"
"Aug 24, 2018","0.013961","0.013785","0.014100","0.013565","38.63K","1.28%"
"Aug 25, 2018","0.013729","0.014000","0.014294","0.013664","31.88K","-1.66%"
"Aug 26, 2018","0.014118","0.013703","0.014175","0.013593","28.83K","2.83%"
"Aug 27, 2018","0.015274","0.014120","0.015336","0.013976","39.26K","8.19%"
"Aug 28, 2018","0.015188","0.015195","0.015269","0.014543","32.40K","-0.56%"
"Aug 29, 2018","0.014713","0.015197","0.015400","0.014487","30.24K","-3.13%"
"Aug 30, 2018","0.014788","0.014741","0.015079","0.014081","32.81K","0.51%"
"Aug 31, 2018","0.016601","0.014791","0.016743","0.014769","87.57K","12.26%"
"Sep 01, 2018","0.016875","0.016568","0.017509","0.016343","78.24K","1.65%"
"Sep 02, 2018","0.016475","0.016864","0.017227","0.016100","45.68K","-2.37%"
"Sep 03, 2018","0.018620","0.016510","0.018808","0.016392","89.51K","13.02%"
"Sep 04, 2018","0.018756","0.018645","0.019257","0.018237","80.95K","0.73%"
"Sep 05, 2018","0.017106","0.018739","0.019064","0.016870","77.50K","-8.80%"
"Sep 06, 2018","0.018040","0.017106","0.018152","0.016849","60.06K","5.46%"
"Sep 07, 2018","0.017300","0.018046","0.018413","0.017244","50.06K","-4.10%"
"Sep 08, 2018","0.016811","0.017300","0.017688","0.016465","37.46K","-2.83%"
"Sep 09, 2018","0.016835","0.016814","0.017310","0.016354","41.94K","0.14%"
"Sep 10, 2018","0.016716","0.016838","0.017257","0.016500","36.77K","-0.71%"
"Sep 11, 2018","0.016785","0.016754","0.017170","0.016291","40.29K","0.41%"
"Sep 12, 2018","0.016436","0.016751","0.016857","0.015505","52.81K","-2.08%"
"Sep 13, 2018","0.017254","0.016435","0.017870","0.016350","52.08K","4.98%"
"Sep 14, 2018","0.017964","0.017250","0.018044","0.016965","44.28K","4.11%"
"Sep 15, 2018","0.018295","0.017960","0.018829","0.017950","45.59K","1.84%"
"Sep 16, 2018","0.017985","0.018202","0.018270","0.017531","32.89K","-1.69%"
"Sep 17, 2018","0.016976","0.018000","0.018499","0.016942","43.14K","-5.61%"
"Sep 18, 2018","0.017676","0.016997","0.017828","0.016639","40.14K","4.12%"
"Sep 19, 2018","0.017187","0.017673","0.017809","0.017040","35.95K","-2.77%"
"Sep 20, 2018","0.017857","0.017186","0.017887","0.017091","36.77K","3.90%"
"Sep 21, 2018","0.018399","0.017811","0.018456","0.017615","53.07K","3.04%"
"Sep 22, 2018","0.018215","0.018372","0.018499","0.017844","25.15K","-1.00%"
"Sep 23, 2018","0.018260","0.018215","0.018955","0.018001","39.79K","0.25%"
"Sep 24, 2018","0.017436","0.018261","0.018356","0.017393","38.98K","-4.51%"
"Sep 25, 2018","0.018107","0.017435","0.018107","0.017350","33.41K","3.85%"
"Sep 26, 2018","0.017772","0.018107","0.018192","0.017501","33.75K","-1.85%"
"Sep 27, 2018","0.017829","0.017773","0.018116","0.017493","42.17K","0.32%"
"Sep 28, 2018","0.017625","0.017803","0.018059","0.017441","27.28K","-1.14%"
"Sep 29, 2018","0.017382","0.017582","0.017820","0.017201","17.95K","-1.38%"
"Sep 30, 2018","0.017498","0.017350","0.017606","0.017301","11.24K","0.67%"
"Oct 01, 2018","0.017412","0.017498","0.017663","0.017200","17.72K","-0.49%"
"Oct 02, 2018","0.017855","0.017412","0.018300","0.017141","32.19K","2.54%"
"Oct 03, 2018","0.017645","0.017817","0.018019","0.017301","23.70K","-1.18%"
"Oct 04, 2018","0.017445","0.017659","0.017689","0.017249","22.31K","-1.13%"
"Oct 05, 2018","0.017371","0.017445","0.017460","0.017246","12.13K","-0.42%"
"Oct 06, 2018","0.017431","0.017373","0.017487","0.017176","8.67K","0.35%"
"Oct 07, 2018","0.017204","0.017458","0.017489","0.017125","9.66K","-1.30%"
"Oct 08, 2018","0.017194","0.017206","0.017402","0.017087","20.06K","-0.06%"
"Oct 09, 2018","0.017095","0.017195","0.017256","0.017013","16.18K","-0.58%"
"Oct 10, 2018","0.017374","0.017087","0.017400","0.016985","18.05K","1.63%"
"Oct 11, 2018","0.016109","0.017376","0.017398","0.016089","31.09K","-7.28%"
"Oct 12, 2018","0.016135","0.016136","0.016591","0.016019","21.14K","0.16%"
"Oct 13, 2018","0.016460","0.016124","0.016480","0.016101","12.56K","2.01%"
"Oct 14, 2018","0.016021","0.016461","0.016490","0.016020","11.14K","-2.67%"
"Oct 15, 2018","0.016297","0.016022","0.017104","0.015627","49.62K","1.72%"
"Oct 16, 2018","0.016537","0.016293","0.016557","0.016110","19.88K","1.47%"
"Oct 17, 2018","0.016263","0.016539","0.016543","0.016148","19.94K","-1.66%"
"Oct 18, 2018","0.015981","0.016288","0.016423","0.015780","26.29K","-1.73%"
"Oct 19, 2018","0.016179","0.015980","0.016332","0.015956","12.80K","1.24%"
"Oct 20, 2018","0.016097","0.016135","0.016332","0.016016","12.99K","-0.51%"
"Oct 21, 2018","0.016213","0.016115","0.016355","0.016022","13.37K","0.72%"
"Oct 22, 2018","0.016406","0.016213","0.016415","0.016124","19.39K","1.19%"
"Oct 23, 2018","0.016848","0.016414","0.017098","0.016406","28.62K","2.69%"
"Oct 24, 2018","0.016498","0.016803","0.016918","0.016463","18.16K","-2.08%"
"Oct 25, 2018","0.016459","0.016533","0.016535","0.016259","14.42K","-0.24%"
"Oct 26, 2018","0.016207","0.016459","0.016516","0.016200","11.67K","-1.53%"
"Oct 27, 2018","0.016100","0.016205","0.016284","0.016050","11.81K","-0.66%"
"Oct 28, 2018","0.016181","0.016113","0.016282","0.015801","15.30K","0.50%"
"Oct 29, 2018","0.016036","0.016181","0.016233","0.015928","18.24K","-0.90%"
"Oct 30, 2018","0.016330","0.016036","0.016367","0.015988","17.41K","1.83%"
"Oct 31, 2018","0.016494","0.016349","0.016698","0.016310","18.37K","1.00%"
"Nov 01, 2018","0.016325","0.016504","0.016525","0.016176","12.91K","-1.02%"
"Nov 02, 2018","0.016601","0.016323","0.016672","0.016265","20.39K","1.69%"
"Nov 03, 2018","0.016795","0.016593","0.016920","0.016428","14.21K","1.17%"
"Nov 04, 2018","0.017467","0.016805","0.017612","0.016596","27.79K","4.00%"
"Nov 05, 2018","0.017432","0.017500","0.017525","0.017070","20.84K","-0.20%"
"Nov 06, 2018","0.017480","0.017433","0.017733","0.017148","32.71K","0.28%"
"Nov 07, 2018","0.017095","0.017494","0.017501","0.016800","36.44K","-2.20%"
"Nov 08, 2018","0.016874","0.017108","0.017174","0.016817","35.94K","-1.29%"
"Nov 09, 2018","0.016774","0.016874","0.017000","0.016519","37.13K","-0.59%"
"Nov 10, 2018","0.016412","0.016769","0.016779","0.016332","26.95K","-2.16%"
"Nov 11, 2018","0.016684","0.016412","0.016690","0.016063","40.62K","1.66%"
"Nov 12, 2018","0.016483","0.016670","0.016750","0.016452","43.87K","-1.20%"
"Nov 13, 2018","0.016536","0.016478","0.016697","0.016361","39.35K","0.32%"
"Nov 14, 2018","0.015850","0.016538","0.016551","0.015040","48.62K","-4.15%"
"Nov 15, 2018","0.015711","0.015819","0.016141","0.015036","70.37K","-0.88%"
"Nov 16, 2018","0.015621","0.015697","0.015906","0.015526","43.84K","-0.57%"
"Nov 17, 2018","0.015896","0.015600","0.015920","0.015335","43.79K","1.76%"
"Nov 18, 2018","0.015928","0.015897","0.016447","0.015757","66.70K","0.20%"
"Nov 19, 2018","0.015163","0.015929","0.015966","0.014733","63.55K","-4.80%"
"Nov 20, 2018","0.014899","0.015171","0.015660","0.014697","70.23K","-1.74%"
"Nov 21, 2018","0.014949","0.014870","0.015369","0.014722","67.71K","0.34%"
"Nov 22, 2018","0.015126","0.014950","0.015369","0.014865","41.49K","1.18%"
"Nov 23, 2018","0.015330","0.015121","0.015398","0.014810","38.65K","1.35%"
"Nov 24, 2018","0.015072","0.015336","0.015500","0.014881","35.29K","-1.68%"
"Nov 25, 2018","0.014462","0.015077","0.015108","0.014035","63.14K","-4.05%"
"Nov 26, 2018","0.014106","0.014473","0.014810","0.014001","67.59K","-2.46%"
"Nov 27, 2018","0.015031","0.014098","0.015195","0.014095","60.34K","6.56%"
"Nov 28, 2018","0.014921","0.015034","0.015292","0.014611","36.44K","-0.73%"
"Nov 29, 2018","0.014287","0.014922","0.015000","0.014130","36.64K","-4.25%"
"Nov 30, 2018","0.014471","0.014289","0.014482","0.014160","35.45K","1.29%"
"Dec 01, 2018","0.014216","0.014489","0.014607","0.014146","41.62K","-1.76%"
"Dec 02, 2018","0.014338","0.014231","0.014707","0.014148","27.31K","0.86%"
"Dec 03, 2018","0.014185","0.014335","0.014504","0.013679","38.15K","-1.07%"
"Dec 04, 2018","0.014447","0.014144","0.014504","0.014044","40.38K","1.85%"
"Dec 05, 2018","0.013790","0.014431","0.014452","0.013735","33.91K","-4.55%"
"Dec 06, 2018","0.013232","0.013806","0.013929","0.013107","52.41K","-4.05%"
"Dec 07, 2018","0.013651","0.013231","0.013654","0.012982","58.30K","3.17%"
"Dec 08, 2018","0.013065","0.013691","0.014075","0.013030","58.78K","-4.29%"
"Dec 09, 2018","0.013260","0.013087","0.013514","0.013006","39.73K","1.49%"
"Dec 10, 2018","0.012765","0.013265","0.013350","0.012692","45.75K","-3.73%"
"Dec 11, 2018","0.012459","0.012761","0.012875","0.012452","35.30K","-2.40%"
"Dec 12, 2018","0.012614","0.012460","0.012835","0.012460","40.85K","1.24%"
"Dec 13, 2018","0.012403","0.012614","0.012671","0.012268","40.62K","-1.67%"
"Dec 14, 2018","0.012010","0.012434","0.012812","0.011990","65.08K","-3.17%"
"Dec 15, 2018","0.011990","0.012032","0.012206","0.011623","62.82K","-0.17%"
"Dec 16, 2018","0.012060","0.011989","0.012375","0.011989","38.59K","0.58%"
"Dec 17, 2018","0.012304","0.012045","0.012567","0.012000","43.32K","2.02%"
"Dec 18, 2018","0.012644","0.012332","0.012916","0.012300","48.86K","2.76%"
"Dec 19, 2018","0.012321","0.012648","0.012914","0.012265","65.51K","-2.55%"
"Dec 20, 2018","0.013373","0.012326","0.013401","0.012301","70.20K","8.54%"
"Dec 21, 2018","0.013330","0.013368","0.013632","0.012752","81.65K","-0.32%"
"Dec 22, 2018","0.012893","0.013307","0.013385","0.012819","56.08K","-3.28%"
"Dec 23, 2018","0.013317","0.012891","0.013500","0.012843","49.82K","3.29%"
"Dec 24, 2018","0.013766","0.013291","0.014133","0.013265","67.18K","3.37%"
"Dec 25, 2018","0.013269","0.013781","0.013849","0.012791","61.57K","-3.61%"
"Dec 26, 2018","0.012801","0.013304","0.013435","0.012598","63.90K","-3.53%"
"Dec 27, 2018","0.012139","0.012813","0.012831","0.011988","59.19K","-5.17%"
"Dec 28, 2018","0.012709","0.012164","0.013124","0.012011","58.35K","4.70%"
"Dec 29, 2018","0.012530","0.012696","0.012782","0.012327","54.60K","-1.41%"
"Dec 30, 2018","0.012481","0.012530","0.012717","0.012367","41.01K","-0.39%"
"Dec 31, 2018","0.012318","0.012492","0.012706","0.012128","54.22K","-1.31%"
"Jan 01, 2019","0.012538","0.012316","0.012643","0.012102","47.71K","1.79%"
"Jan 02, 2019","0.013314","0.012529","0.013798","0.012452","124.57K","6.19%"
"Jan 03, 2019","0.012972","0.013290","0.013378","0.012884","70.65K","-2.57%"
"Jan 04, 2019","0.013085","0.012973","0.013312","0.012920","55.30K","0.87%"
"Jan 05, 2019","0.012981","0.013083","0.013300","0.012775","62.48K","-0.79%"
"Jan 06, 2019","0.013512","0.012945","0.013613","0.012918","65.24K","4.09%"
"Jan 07, 2019","0.013158","0.013508","0.013639","0.012899","67.55K","-2.62%"
"Jan 08, 2019","0.013177","0.013155","0.013366","0.013056","64.75K","0.14%"
"Jan 09, 2019","0.013039","0.013169","0.013480","0.012882","84.78K","-1.05%"
"Jan 10, 2019","0.012341","0.013034","0.013169","0.012050","72.25K","-5.35%"
"Jan 11, 2019","0.012430","0.012342","0.012670","0.012260","48.13K","0.72%"
"Jan 12, 2019","0.012307","0.012427","0.012499","0.012205","40.15K","-0.99%"
"Jan 13, 2019","0.012137","0.012306","0.012455","0.012052","40.10K","-1.38%"
"Jan 14, 2019","0.012368","0.012146","0.012505","0.012119","49.32K","1.90%"
"Jan 15, 2019","0.012376","0.012368","0.012554","0.012300","43.77K","0.06%"
"Jan 16, 2019","0.012697","0.012380","0.012722","0.012304","47.95K","2.59%"
"Jan 17, 2019","0.012409","0.012681","0.012794","0.012339","53.78K","-2.27%"
"Jan 18, 2019","0.012339","0.012404","0.012516","0.012271","43.75K","-0.56%"
"Jan 19, 2019","0.012365","0.012340","0.012430","0.012302","33.64K","0.21%"
"Jan 20, 2019","0.012283","0.012372","0.012430","0.012252","31.58K","-0.66%"
"Jan 21, 2019","0.012482","0.012283","0.012538","0.012231","38.83K","1.62%"
"Jan 22, 2019","0.012788","0.012490","0.012849","0.012471","53.68K","2.45%"
"Jan 23, 2019","0.012552","0.012796","0.012806","0.012518","42.45K","-1.85%"
"Jan 24, 2019","0.012739","0.012534","0.012946","0.012511","52.30K","1.49%"
"Jan 25, 2019","0.013080","0.012741","0.013164","0.012591","40.27K","2.68%"
"Jan 26, 2019","0.012712","0.013075","0.013075","0.012646","31.30K","-2.81%"
"Jan 27, 2019","0.013018","0.012713","0.013042","0.012659","33.92K","2.41%"
"Jan 28, 2019","0.012555","0.013043","0.013135","0.012478","41.13K","-3.56%"
"Jan 29, 2019","0.012602","0.012575","0.012813","0.012510","37.30K","0.37%"
"Jan 30, 2019","0.012662","0.012595","0.012844","0.012481","36.57K","0.48%"
"Jan 31, 2019","0.012632","0.012678","0.012787","0.012532","38.35K","-0.24%"
"Feb 01, 2019","0.012530","0.012638","0.012762","0.012455","31.19K","-0.81%"
"Feb 02, 2019","0.012314","0.012539","0.012580","0.012000","45.76K","-1.72%"
"Feb 03, 2019","0.012401","0.012310","0.012612","0.012268","40.20K","0.71%"
"Feb 04, 2019","0.012356","0.012392","0.012432","0.012181","42.17K","-0.36%"
"Feb 05, 2019","0.012488","0.012364","0.012539","0.012320","33.39K","1.07%"
"Feb 06, 2019","0.012652","0.012506","0.012672","0.012399","37.84K","1.31%"
"Feb 07, 2019","0.012701","0.012659","0.012870","0.012620","53.57K","0.39%"
"Feb 08, 2019","0.013166","0.012723","0.013406","0.012706","58.77K","3.66%"
"Feb 09, 2019","0.013204","0.013167","0.013274","0.013023","33.79K","0.29%"
"Feb 10, 2019","0.013494","0.013203","0.013500","0.012905","39.67K","2.20%"
"Feb 11, 2019","0.013196","0.013497","0.013500","0.012915","50.71K","-2.21%"
"Feb 12, 2019","0.013440","0.013209","0.013499","0.013050","45.34K","1.85%"
"Feb 13, 2019","0.013566","0.013433","0.013989","0.013352","67.59K","0.94%"
"Feb 14, 2019","0.012910","0.013570","0.013636","0.012679","78.10K","-4.84%"
"Feb 15, 2019","0.013064","0.012907","0.013417","0.012760","62.29K","1.19%"
"Feb 16, 2019","0.012852","0.013078","0.013295","0.012834","41.61K","-1.62%"
"Feb 17, 2019","0.013033","0.012862","0.013059","0.012788","43.82K","1.41%"
"Feb 18, 2019","0.013095","0.013036","0.013300","0.012916","63.68K","0.48%"
"Feb 19, 2019","0.013199","0.013100","0.013430","0.013063","47.14K","0.79%"
"Feb 20, 2019","0.012956","0.013193","0.013240","0.012800","48.85K","-1.84%"
"Feb 21, 2019","0.012603","0.012981","0.013021","0.012591","40.81K","-2.72%"
"Feb 22, 2019","0.012944","0.012604","0.013000","0.012591","40.00K","2.71%"
"Feb 23, 2019","0.013019","0.012970","0.013044","0.012810","39.50K","0.58%"
"Feb 24, 2019","0.012618","0.013031","0.013321","0.012613","61.53K","-3.08%"
"Feb 25, 2019","0.012634","0.012616","0.012749","0.012527","56.26K","0.13%"
"Feb 26, 2019","0.012590","0.012644","0.012701","0.012508","55.64K","-0.35%"
"Feb 27, 2019","0.012779","0.012589","0.012797","0.012500","53.90K","1.50%"
"Feb 28, 2019","0.012529","0.012777","0.012777","0.012500","53.42K","-1.96%"
"Mar 01, 2019","0.012621","0.012513","0.012648","0.012458","44.41K","0.73%"
"Mar 02, 2019","0.012688","0.012623","0.012734","0.012523","36.90K","0.53%"
"Mar 03, 2019","0.012829","0.012683","0.012847","0.012618","33.20K","1.11%"
"Mar 04, 2019","0.012680","0.012834","0.012871","0.012470","50.97K","-1.16%"
"Mar 05, 2019","0.012743","0.012669","0.012816","0.012540","51.93K","0.50%"
"Mar 06, 2019","0.012841","0.012737","0.012852","0.012635","41.05K","0.77%"
"Mar 07, 2019","0.012882","0.012841","0.013073","0.012818","60.08K","0.32%"
"Mar 08, 2019","0.012620","0.012911","0.012949","0.012595","54.51K","-2.03%"
"Mar 09, 2019","0.012624","0.012619","0.012841","0.012565","35.91K","0.03%"
"Mar 10, 2019","0.012655","0.012622","0.012695","0.012566","25.60K","0.25%"
"Mar 11, 2019","0.012710","0.012657","0.012769","0.012499","43.03K","0.43%"
"Mar 12, 2019","0.012936","0.012694","0.012938","0.012625","47.59K","1.78%"
"Mar 13, 2019","0.013049","0.012934","0.013138","0.012883","68.74K","0.87%"
"Mar 14, 2019","0.013145","0.013048","0.013495","0.012935","109.08K","0.74%"
"Mar 15, 2019","0.013281","0.013139","0.013322","0.013024","67.81K","1.03%"
"Mar 16, 2019","0.013337","0.013307","0.013514","0.013241","63.51K","0.42%"
"Mar 17, 2019","0.013154","0.013334","0.013366","0.013026","34.75K","-1.37%"
"Mar 18, 2019","0.012986","0.013157","0.013189","0.012945","55.84K","-1.28%"
"Mar 19, 2019","0.013173","0.013005","0.013371","0.012964","52.37K","1.44%"
"Mar 20, 2019","0.013405","0.013163","0.013508","0.013112","62.16K","1.76%"
"Mar 21, 2019","0.013106","0.013412","0.013412","0.013013","56.07K","-2.23%"
"Mar 22, 2019","0.013210","0.013106","0.013286","0.013038","35.23K","0.79%"
"Mar 23, 2019","0.013132","0.013229","0.013287","0.013049","29.83K","-0.59%"
"Mar 24, 2019","0.013199","0.013133","0.013226","0.013097","27.34K","0.51%"
"Mar 25, 2019","0.013013","0.013194","0.013240","0.012879","48.81K","-1.41%"
"Mar 26, 2019","0.013145","0.013013","0.013198","0.012761","61.70K","1.01%"
"Mar 27, 2019","0.013193","0.013144","0.013300","0.013052","45.04K","0.37%"
"Mar 28, 2019","0.013094","0.013202","0.013270","0.013000","56.56K","-0.75%"
"Mar 29, 2019","0.013090","0.013083","0.013240","0.012937","67.82K","-0.03%"
"Mar 30, 2019","0.013028","0.013063","0.013188","0.012942","40.65K","-0.47%"
"Mar 31, 2019","0.013665","0.013025","0.013800","0.012947","78.87K","4.89%"
"Apr 01, 2019","0.014494","0.013665","0.014496","0.013578","100.88K","6.07%"
"Apr 02, 2019","0.014131","0.014490","0.014785","0.013127","132.98K","-2.50%"
"Apr 03, 2019","0.013329","0.014133","0.014230","0.012913","113.64K","-5.68%"
"Apr 04, 2019","0.013010","0.013329","0.013332","0.012824","78.13K","-2.39%"
"Apr 05, 2019","0.013768","0.013001","0.013773","0.012931","79.90K","5.83%"
"Apr 06, 2019","0.013475","0.013801","0.013959","0.013237","59.80K","-2.13%"
"Apr 07, 2019","0.013439","0.013476","0.013560","0.013314","40.61K","-0.27%"
"Apr 08, 2019","0.013449","0.013455","0.013771","0.013297","51.90K","0.07%"
"Apr 09, 2019","0.013155","0.013460","0.013560","0.013078","49.91K","-2.19%"
"Apr 10, 2019","0.013336","0.013146","0.013563","0.013102","58.70K","1.38%"
"Apr 11, 2019","0.013127","0.013332","0.013364","0.012528","73.77K","-1.57%"
"Apr 12, 2019","0.013002","0.013129","0.013639","0.012975","87.47K","-0.95%"
"Apr 13, 2019","0.012860","0.012986","0.013096","0.012656","68.48K","-1.09%"
"Apr 14, 2019","0.012916","0.012870","0.013050","0.012713","39.67K","0.44%"
"Apr 15, 2019","0.012708","0.012913","0.013017","0.012647","32.51K","-1.61%"
"Apr 16, 2019","0.013171","0.012717","0.013447","0.012642","60.79K","3.64%"
"Apr 17, 2019","0.012897","0.013146","0.013293","0.012784","54.42K","-2.08%"
"Apr 18, 2019","0.013061","0.012894","0.013229","0.012883","40.01K","1.27%"
"Apr 19, 2019","0.012980","0.013041","0.013246","0.012905","32.56K","-0.62%"
"Apr 20, 2019","0.013083","0.012967","0.013199","0.012812","42.60K","0.79%"
"Apr 21, 2019","0.012985","0.013090","0.013189","0.012836","35.90K","-0.75%"
"Apr 22, 2019","0.012732","0.012985","0.013064","0.012669","51.02K","-1.95%"
"Apr 23, 2019","0.012437","0.012731","0.012733","0.012404","51.20K","-2.32%"
"Apr 24, 2019","0.012440","0.012438","0.012679","0.012037","109.83K","0.02%"
"Apr 25, 2019","0.011782","0.012452","0.012454","0.011778","50.34K","-5.29%"
"Apr 26, 2019","0.011763","0.011797","0.012112","0.011600","63.38K","-0.16%"
"Apr 27, 2019","0.011905","0.011749","0.012150","0.011713","59.09K","1.21%"
"Apr 28, 2019","0.011670","0.011913","0.011971","0.011635","32.23K","-1.97%"
"Apr 29, 2019","0.011661","0.011667","0.011933","0.011600","42.06K","-0.08%"
"Apr 30, 2019","0.011770","0.011666","0.011826","0.011650","40.50K","0.93%"
"May 01, 2019","0.012176","0.011771","0.012200","0.011755","50.70K","3.45%"
"May 02, 2019","0.011839","0.012156","0.012230","0.011651","55.45K","-2.77%"
"May 03, 2019","0.011683","0.011844","0.011859","0.011288","40.54K","-1.32%"
"May 04, 2019","0.011730","0.011683","0.011800","0.011358","36.59K","0.40%"
"May 05, 2019","0.011553","0.011719","0.011889","0.011501","27.73K","-1.51%"
"May 06, 2019","0.011737","0.011562","0.011834","0.011480","29.96K","1.59%"
"May 07, 2019","0.011290","0.011736","0.011903","0.011266","38.54K","-3.81%"
"May 08, 2019","0.011372","0.011284","0.011386","0.011206","11.70K","0.73%"
"May 09, 2019","0.010566","0.011356","0.011376","0.010460","13.87K","-7.09%"
"May 10, 2019","0.010796","0.010566","0.010820","0.010288","15.76K","2.18%"
"May 11, 2019","0.010944","0.010806","0.011174","0.010313","36.03K","1.37%"
"May 12, 2019","0.010848","0.010916","0.011179","0.010532","31.21K","-0.88%"
"May 13, 2019","0.010162","0.010838","0.010993","0.010088","25.97K","-6.32%"
"May 14, 2019","0.010457","0.010160","0.010527","0.010106","34.32K","2.90%"
"May 15, 2019","0.011516","0.010450","0.011682","0.010349","40.04K","10.13%"
"May 16, 2019","0.011079","0.011518","0.011722","0.010887","67.99K","-3.79%"
"May 17, 2019","0.011205","0.011073","0.011391","0.010710","62.14K","1.14%"
"May 18, 2019","0.010966","0.011206","0.011291","0.010898","44.56K","-2.13%"
"May 19, 2019","0.011039","0.010966","0.011066","0.010812","49.47K","0.67%"
"May 20, 2019","0.010989","0.011015","0.011200","0.010843","55.22K","-0.45%"
"May 21, 2019","0.011197","0.010989","0.011669","0.010985","50.50K","1.89%"
"May 22, 2019","0.010898","0.011197","0.011595","0.010898","59.68K","-2.67%"
"May 23, 2019","0.010785","0.010894","0.010976","0.010708","54.50K","-1.04%"
"May 24, 2019","0.010725","0.010798","0.010886","0.010663","44.66K","-0.56%"
"May 25, 2019","0.010800","0.010714","0.010816","0.010700","32.95K","0.70%"
"May 26, 2019","0.010582","0.010806","0.010973","0.010407","39.83K","-2.02%"
"May 27, 2019","0.011125","0.010581","0.011163","0.010580","60.87K","5.13%"
"May 28, 2019","0.010981","0.011129","0.011250","0.010974","50.99K","-1.29%"
"May 29, 2019","0.010853","0.010984","0.011069","0.010659","76.65K","-1.17%"
"May 30, 2019","0.011101","0.010849","0.011191","0.010822","83.69K","2.29%"
"May 31, 2019","0.010893","0.011101","0.011178","0.010865","58.54K","-1.87%"
"Jun 01, 2019","0.010884","0.010895","0.010955","0.010770","44.47K","-0.08%"
"Jun 02, 2019","0.010860","0.010885","0.011070","0.010817","37.55K","-0.22%"
"Jun 03, 2019","0.010947","0.010855","0.011066","0.010847","42.00K","0.80%"
"Jun 04, 2019","0.010853","0.010951","0.011013","0.010777","48.25K","-0.86%"
"Jun 05, 2019","0.010897","0.010856","0.011063","0.010824","44.40K","0.41%"
"Jun 06, 2019","0.011119","0.010897","0.011179","0.010870","42.52K","2.04%"
"Jun 07, 2019","0.011000","0.011107","0.011169","0.010878","40.87K","-1.07%"
"Jun 08, 2019","0.011032","0.011000","0.011216","0.010962","37.12K","0.29%"
"Jun 09, 2019","0.010926","0.011035","0.011082","0.010882","25.66K","-0.96%"
"Jun 10, 2019","0.010857","0.010934","0.011008","0.010830","28.76K","-0.63%"
"Jun 11, 2019","0.010949","0.010860","0.011113","0.010834","34.98K","0.85%"
"Jun 12, 2019","0.011077","0.010943","0.011118","0.010920","44.01K","1.17%"
"Jun 13, 2019","0.010886","0.011081","0.011300","0.010868","54.89K","-1.72%"
"Jun 14, 2019","0.010452","0.010880","0.010945","0.010330","90.40K","-3.99%"
"Jun 15, 2019","0.010754","0.010451","0.010917","0.010429","69.36K","2.89%"
"Jun 16, 2019","0.010694","0.010781","0.010820","0.010372","46.69K","-0.56%"
"Jun 17, 2019","0.010575","0.010695","0.010723","0.010482","49.10K","-1.11%"
"Jun 18, 2019","0.010613","0.010573","0.010720","0.010558","50.31K","0.36%"
"Jun 19, 2019","0.010826","0.010593","0.011173","0.010579","82.50K","2.01%"
"Jun 20, 2019","0.011042","0.010819","0.011515","0.010788","127.20K","2.00%"
"Jun 21, 2019","0.010763","0.011027","0.011365","0.010753","81.62K","-2.53%"
"Jun 22, 2019","0.010736","0.010778","0.010869","0.010421","67.57K","-0.25%"
"Jun 23, 2019","0.010618","0.010753","0.010940","0.010596","57.90K","-1.10%"
"Jun 24, 2019","0.010667","0.010614","0.010892","0.010541","56.02K","0.46%"
"Jun 25, 2019","0.009517","0.010660","0.010662","0.009510","107.89K","-10.78%"
"Jun 26, 2019","0.008010","0.009517","0.009529","0.007895","287.63K","-15.83%"
"Jun 27, 2019","0.008524","0.008019","0.008890","0.007763","178.67K","6.42%"
"Jun 28, 2019","0.008213","0.008521","0.008730","0.008073","90.31K","-3.65%"
"Jun 29, 2019","0.008389","0.008217","0.008393","0.007900","69.17K","2.14%"
"Jun 30, 2019","0.008190","0.008389","0.008438","0.008082","66.07K","-2.37%"
"Jul 01, 2019","0.008367","0.008186","0.008543","0.008062","81.26K","2.16%"
"Jul 02, 2019","0.007972","0.008366","0.008681","0.007840","96.33K","-4.72%"
"Jul 03, 2019","0.007517","0.007940","0.008160","0.007464","86.07K","-5.71%"
"Jul 04, 2019","0.007859","0.007520","0.007920","0.007460","76.37K","4.55%"
"Jul 05, 2019","0.008150","0.007859","0.008277","0.007731","45.83K","3.70%"
"Jul 06, 2019","0.008400","0.008145","0.008669","0.008032","85.99K","3.07%"
"Jul 07, 2019","0.009368","0.008420","0.009382","0.008355","79.40K","11.52%"
"Jul 08, 2019","0.008259","0.009365","0.009398","0.008205","67.86K","-11.84%"
"Jul 09, 2019","0.007921","0.008263","0.008393","0.007867","57.13K","-4.09%"
"Jul 10, 2019","0.007849","0.007920","0.007991","0.007577","69.55K","-0.91%"
"Jul 11, 2019","0.007910","0.007846","0.008119","0.007701","47.98K","0.78%"
"Jul 12, 2019","0.008339","0.007908","0.008345","0.007702","45.05K","5.42%"
"Jul 13, 2019","0.008231","0.008326","0.008326","0.008032","40.67K","-1.30%"
"Jul 14, 2019","0.008451","0.008233","0.008500","0.008131","49.72K","2.67%"
"Jul 15, 2019","0.008194","0.008449","0.008457","0.007517","121.96K","-3.04%"
"Jul 16, 2019","0.007869","0.008209","0.008209","0.007747","75.32K","-3.97%"
"Jul 17, 2019","0.007928","0.007876","0.008232","0.007694","60.95K","0.75%"
"Jul 18, 2019","0.007892","0.007928","0.008270","0.007796","50.20K","-0.45%"
"Jul 19, 2019","0.007823","0.007898","0.008121","0.007796","43.43K","-0.87%"
"Jul 20, 2019","0.007945","0.007815","0.008166","0.007815","39.00K","1.56%"
"Jul 21, 2019","0.007955","0.007938","0.008311","0.007867","46.58K","0.13%"
"Jul 22, 2019","0.008068","0.007959","0.008208","0.007913","36.62K","1.42%"
"Jul 23, 2019","0.008235","0.008078","0.008371","0.008051","55.58K","2.07%"
"Jul 24, 2019","0.008246","0.008219","0.008408","0.008126","44.97K","0.13%"
"Jul 25, 2019","0.008189","0.008235","0.008259","0.008089","33.23K","-0.69%"
"Jul 26, 2019","0.008171","0.008195","0.008331","0.008104","41.27K","-0.22%"
"Jul 27, 2019","0.008321","0.008168","0.008375","0.008110","32.24K","1.84%"
"Jul 28, 2019","0.008422","0.008326","0.008768","0.008322","32.51K","1.21%"
"Jul 29, 2019","0.008216","0.008426","0.008430","0.008205","31.62K","-2.45%"
"Jul 30, 2019","0.008164","0.008219","0.008390","0.008152","39.72K","-0.63%"
"Jul 31, 2019","0.007990","0.008164","0.008286","0.007966","55.01K","-2.13%"
"Aug 01, 2019","0.007904","0.007992","0.008169","0.007867","43.41K","-1.08%"
"Aug 02, 2019","0.007981","0.007901","0.008060","0.007887","34.09K","0.97%"
"Aug 03, 2019","0.008126","0.007985","0.008142","0.007910","35.55K","1.82%"
"Aug 04, 2019","0.008023","0.008122","0.008162","0.008010","36.95K","-1.27%"
"Aug 05, 2019","0.007909","0.008021","0.008139","0.007800","81.02K","-1.42%"
"Aug 06, 2019","0.007824","0.007913","0.008077","0.007783","55.62K","-1.07%"
"Aug 07, 2019","0.008144","0.007820","0.008148","0.007795","50.29K","4.09%"
"Aug 08, 2019","0.007960","0.008139","0.008167","0.007856","49.66K","-2.26%"
"Aug 09, 2019","0.007870","0.007962","0.007988","0.007783","44.40K","-1.13%"
"Aug 10, 2019","0.008010","0.007871","0.008054","0.007869","38.46K","1.78%"
"Aug 11, 2019","0.007998","0.008012","0.008058","0.007983","20.98K","-0.15%"
"Aug 12, 2019","0.008006","0.008001","0.008024","0.007961","23.07K","0.10%"
"Aug 13, 2019","0.007869","0.008008","0.008013","0.007840","30.51K","-1.71%"
"Aug 14, 2019","0.007850","0.007870","0.008001","0.007751","34.35K","-0.24%"
"Aug 15, 2019","0.008009","0.007849","0.008018","0.007765","29.33K","2.03%"
"Aug 16, 2019","0.007955","0.008008","0.008036","0.007796","46.19K","-0.67%"
"Aug 17, 2019","0.008006","0.007953","0.008108","0.007953","29.63K","0.64%"
"Aug 18, 2019","0.008506","0.008006","0.008515","0.008001","36.20K","6.25%"
"Aug 19, 2019","0.008197","0.008507","0.008518","0.008042","39.07K","-3.63%"
"Aug 20, 2019","0.007976","0.008204","0.008310","0.007893","50.26K","-2.70%"
"Aug 21, 2019","0.007972","0.007985","0.008155","0.007918","40.34K","-0.05%"
"Aug 22, 2019","0.008107","0.007977","0.008184","0.007966","46.26K","1.69%"
"Aug 23, 2019","0.007900","0.008112","0.008115","0.007891","42.59K","-2.55%"
"Aug 24, 2019","0.007953","0.007900","0.008028","0.007800","39.02K","0.67%"
"Aug 25, 2019","0.007953","0.007953","0.008037","0.007912","32.45K","0.00%"
"Aug 26, 2019","0.007690","0.007942","0.007962","0.007661","46.81K","-3.31%"
"Aug 27, 2019","0.007715","0.007681","0.007779","0.007651","29.75K","0.33%"
"Aug 28, 2019","0.007410","0.007715","0.007861","0.007400","52.37K","-3.95%"
"Aug 29, 2019","0.007045","0.007403","0.007438","0.007031","41.03K","-4.93%"
"Aug 30, 2019","0.007088","0.007050","0.007105","0.007010","34.42K","0.61%"
"Aug 31, 2019","0.007001","0.007086","0.007095","0.006977","17.47K","-1.23%"
"Sep 01, 2019","0.007335","0.006999","0.007654","0.006986","33.04K","4.77%"
"Sep 02, 2019","0.007069","0.007343","0.007363","0.007050","37.22K","-3.63%"
"Sep 03, 2019","0.007037","0.007062","0.007185","0.006968","44.39K","-0.45%"
"Sep 04, 2019","0.006998","0.007032","0.007080","0.006819","42.21K","-0.55%"
"Sep 05, 2019","0.007194","0.006985","0.007219","0.006980","58.66K","2.80%"
"Sep 06, 2019","0.007281","0.007192","0.007396","0.007123","50.34K","1.21%"
"Sep 07, 2019","0.007444","0.007288","0.007472","0.007146","25.53K","2.24%"
"Sep 08, 2019","0.007411","0.007446","0.007503","0.007305","30.22K","-0.44%"
"Sep 09, 2019","0.007259","0.007408","0.007490","0.007209","42.72K","-2.05%"
"Sep 10, 2019","0.007136","0.007253","0.007334","0.007010","53.76K","-1.69%"
"Sep 11, 2019","0.007294","0.007139","0.007414","0.007000","53.27K","2.21%"
"Sep 12, 2019","0.007186","0.007294","0.007299","0.007070","38.43K","-1.48%"
"Sep 13, 2019","0.007420","0.007189","0.007423","0.007075","31.98K","3.26%"
"Sep 14, 2019","0.007352","0.007420","0.007452","0.007173","44.13K","-0.92%"
"Sep 15, 2019","0.007322","0.007347","0.007390","0.007168","41.43K","-0.41%"
"Sep 16, 2019","0.007348","0.007323","0.007402","0.007031","70.79K","0.36%"
"Sep 17, 2019","0.007231","0.007337","0.007400","0.007200","89.46K","-1.59%"
"Sep 18, 2019","0.007974","0.007230","0.008085","0.007205","120.03K","10.28%"
"Sep 19, 2019","0.007385","0.007988","0.008020","0.007343","73.19K","-7.39%"
"Sep 20, 2019","0.007249","0.007388","0.007661","0.007155","62.07K","-1.84%"
"Sep 21, 2019","0.007255","0.007247","0.007363","0.007201","46.04K","0.08%"
"Sep 22, 2019","0.007285","0.007253","0.007399","0.007171","41.49K","0.41%"
"Sep 23, 2019","0.007060","0.007286","0.007286","0.007050","55.77K","-3.09%"
"Sep 24, 2019","0.006898","0.007058","0.007204","0.006800","91.62K","-2.29%"
"Sep 25, 2019","0.007072","0.006886","0.007161","0.006800","105.97K","2.52%"
"Sep 26, 2019","0.007093","0.007078","0.007133","0.006873","92.19K","0.30%"
"Sep 27, 2019","0.007029","0.007096","0.007265","0.006971","139.31K","-0.90%"
"Sep 28, 2019","0.007020","0.007043","0.007064","0.006986","44.87K","-0.13%"
"Sep 29, 2019","0.006939","0.007025","0.007039","0.006840","39.25K","-1.15%"
"Sep 30, 2019","0.006855","0.006941","0.007035","0.006800","72.41K","-1.21%"
"Oct 01, 2019","0.006686","0.006850","0.006917","0.006665","67.18K","-2.47%"
"Oct 02, 2019","0.006683","0.006697","0.006889","0.006627","76.07K","-0.04%"
"Oct 03, 2019","0.006828","0.006691","0.006998","0.006658","70.42K","2.17%"
"Oct 04, 2019","0.007015","0.006822","0.007075","0.006708","94.66K","2.74%"
"Oct 05, 2019","0.006941","0.007019","0.007074","0.006801","76.16K","-1.05%"
"Oct 06, 2019","0.006955","0.006933","0.007043","0.006907","48.52K","0.20%"
"Oct 07, 2019","0.006846","0.006958","0.007010","0.006826","59.09K","-1.57%"
"Oct 08, 2019","0.006795","0.006849","0.006876","0.006712","52.37K","-0.74%"
"Oct 09, 2019","0.006660","0.006782","0.006859","0.006555","77.77K","-1.99%"
"Oct 10, 2019","0.006509","0.006646","0.006710","0.006465","64.37K","-2.27%"
"Oct 11, 2019","0.006528","0.006514","0.006675","0.006446","55.19K","0.29%"
"Oct 12, 2019","0.006455","0.006530","0.006608","0.006422","64.81K","-1.12%"
"Oct 13, 2019","0.006434","0.006453","0.006472","0.006333","51.66K","-0.33%"
"Oct 14, 2019","0.006350","0.006433","0.006468","0.006307","62.29K","-1.31%"
"Oct 15, 2019","0.006379","0.006354","0.006484","0.006328","67.47K","0.46%"
"Oct 16, 2019","0.006853","0.006380","0.006897","0.006336","144.86K","7.43%"
"Oct 17, 2019","0.006927","0.006851","0.007523","0.006827","222.18K","1.08%"
"Oct 18, 2019","0.006976","0.006930","0.007379","0.006896","103.61K","0.71%"
"Oct 19, 2019","0.006842","0.006942","0.006950","0.006713","84.12K","-1.92%"
"Oct 20, 2019","0.006857","0.006840","0.007090","0.006789","46.27K","0.22%"
"Oct 21, 2019","0.007014","0.006858","0.007259","0.006800","81.35K","2.29%"
"Oct 22, 2019","0.007056","0.006979","0.007146","0.006809","89.25K","0.60%"
"Oct 23, 2019","0.007127","0.007067","0.007270","0.006929","90.41K","1.01%"
"Oct 24, 2019","0.007189","0.007127","0.007310","0.006895","76.38K","0.87%"
"Oct 25, 2019","0.006820","0.007189","0.007217","0.006785","100.34K","-5.13%"
"Oct 26, 2019","0.006150","0.006819","0.006832","0.006092","125.93K","-9.82%"
"Oct 27, 2019","0.006263","0.006142","0.006330","0.006043","66.57K","1.84%"
"Oct 28, 2019","0.006435","0.006265","0.006526","0.006200","76.23K","2.75%"
"Oct 29, 2019","0.006326","0.006442","0.006703","0.006264","97.97K","-1.69%"
"Oct 30, 2019","0.006377","0.006330","0.006464","0.006234","80.02K","0.81%"
"Oct 31, 2019","0.006448","0.006382","0.006511","0.006283","59.48K","1.11%"
"Nov 01, 2019","0.006566","0.006452","0.006668","0.006423","50.71K","1.83%"
"Nov 02, 2019","0.006691","0.006578","0.006828","0.006565","55.05K","1.90%"
"Nov 03, 2019","0.006885","0.006691","0.007105","0.006653","83.25K","2.90%"
"Nov 04, 2019","0.006700","0.006891","0.006936","0.006660","87.22K","-2.69%"
"Nov 05, 2019","0.006740","0.006702","0.006794","0.006678","63.35K","0.60%"
"Nov 06, 2019","0.006852","0.006739","0.006935","0.006711","68.43K","1.66%"
"Nov 07, 2019","0.006846","0.006853","0.007200","0.006786","90.30K","-0.09%"
"Nov 08, 2019","0.006922","0.006844","0.006938","0.006834","45.51K","1.11%"
"Nov 09, 2019","0.007022","0.006928","0.007046","0.006890","30.72K","1.44%"
"Nov 10, 2019","0.007055","0.007027","0.007195","0.007019","46.11K","0.47%"
"Nov 11, 2019","0.007070","0.007052","0.007176","0.007019","56.92K","0.21%"
"Nov 12, 2019","0.007066","0.007070","0.007491","0.007016","110.39K","-0.06%"
"Nov 13, 2019","0.007436","0.007061","0.007469","0.007041","73.92K","5.24%"
"Nov 14, 2019","0.007514","0.007433","0.007570","0.007367","81.87K","1.05%"
"Nov 15, 2019","0.007307","0.007517","0.007638","0.007292","78.72K","-2.75%"
"Nov 16, 2019","0.007229","0.007301","0.007380","0.007220","56.10K","-1.07%"
"Nov 17, 2019","0.007250","0.007228","0.007369","0.007205","81.32K","0.29%"
"Nov 18, 2019","0.007129","0.007259","0.007308","0.007109","74.93K","-1.67%"
"Nov 19, 2019","0.007196","0.007127","0.007357","0.007097","69.11K","0.94%"
"Nov 20, 2019","0.007140","0.007195","0.007263","0.007110","84.46K","-0.78%"
"Nov 21, 2019","0.007094","0.007147","0.007240","0.007023","59.87K","-0.64%"
"Nov 22, 2019","0.007011","0.007095","0.007155","0.007000","82.75K","-1.17%"
"Nov 23, 2019","0.007043","0.007007","0.007105","0.006924","69.22K","0.46%"
"Nov 24, 2019","0.006873","0.007052","0.007106","0.006870","59.69K","-2.41%"
"Nov 25, 2019","0.007017","0.006870","0.007190","0.006857","78.42K","2.10%"
"Nov 26, 2019","0.007150","0.007012","0.007281","0.006982","83.92K","1.90%"
"Nov 27, 2019","0.007424","0.007150","0.007557","0.007133","111.22K","3.83%"
"Nov 28, 2019","0.007261","0.007414","0.007559","0.007190","93.97K","-2.20%"
"Nov 29, 2019","0.007199","0.007249","0.007424","0.007150","59.41K","-0.85%"
"Nov 30, 2019","0.007266","0.007203","0.007266","0.007133","19.16K","0.93%"
"Dec 01, 2019","0.007218","0.007267","0.007292","0.007170","13.12K","-0.66%"
"Dec 02, 2019","0.007387","0.007217","0.007462","0.007199","41.62K","2.34%"
"Dec 03, 2019","0.007316","0.007385","0.007606","0.007300","82.03K","-0.96%"
"Dec 04, 2019","0.007316","0.007316","0.007570","0.007238","119.14K","0.00%"
"Dec 05, 2019","0.007275","0.007314","0.007358","0.007086","93.36K","-0.56%"
"Dec 06, 2019","0.007176","0.007278","0.007470","0.007176","83.02K","-1.36%"
"Dec 07, 2019","0.007247","0.007177","0.007303","0.007111","78.58K","0.99%"
"Dec 08, 2019","0.007153","0.007255","0.007365","0.007112","67.62K","-1.30%"
"Dec 09, 2019","0.007412","0.007150","0.007412","0.007100","84.27K","3.62%"
"Dec 10, 2019","0.007289","0.007441","0.007446","0.007248","76.65K","-1.66%"
"Dec 11, 2019","0.007339","0.007290","0.007398","0.007281","57.42K","0.69%"
"Dec 12, 2019","0.007345","0.007343","0.007514","0.007301","85.46K","0.08%"
"Dec 13, 2019","0.007225","0.007348","0.007385","0.007208","72.76K","-1.63%"
"Dec 14, 2019","0.007252","0.007202","0.007295","0.007184","65.64K","0.37%"
"Dec 15, 2019","0.007142","0.007252","0.007289","0.007118","66.32K","-1.52%"
"Dec 16, 2019","0.007127","0.007143","0.007210","0.007016","88.59K","-0.21%"
"Dec 17, 2019","0.006801","0.007127","0.007170","0.006771","101.56K","-4.57%"
"Dec 18, 2019","0.006568","0.006810","0.007000","0.006552","117.23K","-3.43%"
"Dec 19, 2019","0.006634","0.006572","0.006965","0.006500","157.87K","1.00%"
"Dec 20, 2019","0.006497","0.006631","0.006658","0.006468","109.79K","-2.07%"
"Dec 21, 2019","0.006307","0.006491","0.006511","0.006301","92.81K","-2.92%"
"Dec 22, 2019","0.006305","0.006306","0.006580","0.006272","110.58K","-0.03%"
"Dec 23, 2019","0.006437","0.006304","0.006495","0.006212","117.30K","2.09%"
"Dec 24, 2019","0.006319","0.006439","0.006540","0.006309","116.28K","-1.83%"
"Dec 25, 2019","0.006393","0.006316","0.006439","0.006299","78.41K","1.17%"
"Dec 26, 2019","0.006286","0.006382","0.006424","0.006237","77.76K","-1.67%"
"Dec 27, 2019","0.006216","0.006285","0.006391","0.006175","105.41K","-1.11%"
"Dec 28, 2019","0.006214","0.006216","0.006253","0.006161","83.55K","-0.03%"
"Dec 29, 2019","0.006290","0.006210","0.006390","0.006202","93.10K","1.22%"
"Dec 30, 2019","0.006368","0.006298","0.006380","0.006259","63.81K","1.24%"
"Dec 31, 2019","0.006206","0.006381","0.006384","0.006197","49.22K","-2.54%"
"Jan 01, 2020","0.006368","0.006204","0.006378","0.006199","43.06K","2.61%"
"Jan 02, 2020","0.006538","0.006363","0.006550","0.006347","56.25K","2.67%"
"Jan 03, 2020","0.006940","0.006537","0.007094","0.006533","174.31K","6.15%"
"Jan 04, 2020","0.006848","0.006937","0.006986","0.006815","53.46K","-1.33%"
"Jan 05, 2020","0.007295","0.006848","0.007300","0.006826","69.92K","6.53%"
"Jan 06, 2020","0.007597","0.007294","0.007601","0.007253","123.21K","4.14%"
"Jan 07, 2020","0.007153","0.007595","0.007600","0.006948","116.19K","-5.84%"
"Jan 08, 2020","0.007382","0.007164","0.007401","0.006822","114.97K","3.20%"
"Jan 09, 2020","0.007510","0.007384","0.007551","0.007190","107.72K","1.73%"
"Jan 10, 2020","0.007132","0.007510","0.007547","0.007132","105.06K","-5.03%"
"Jan 11, 2020","0.007258","0.007129","0.007876","0.007096","208.70K","1.77%"
"Jan 12, 2020","0.007233","0.007261","0.007384","0.007159","88.44K","-0.34%"
"Jan 13, 2020","0.007121","0.007235","0.007241","0.007022","78.70K","-1.55%"
"Jan 14, 2020","0.007080","0.007120","0.007235","0.006818","131.55K","-0.58%"
"Jan 15, 2020","0.007754","0.007095","0.007843","0.007080","259.41K","9.52%"
"Jan 16, 2020","0.007529","0.007758","0.007801","0.007252","132.49K","-2.90%"
"Jan 17, 2020","0.007732","0.007525","0.008056","0.007370","158.54K","2.70%"
"Jan 18, 2020","0.007512","0.007734","0.007966","0.007500","88.95K","-2.85%"
"Jan 19, 2020","0.007484","0.007519","0.007623","0.007313","72.05K","-0.37%"
"Jan 20, 2020","0.007512","0.007488","0.007645","0.007298","73.58K","0.37%"
"Jan 21, 2020","0.007542","0.007514","0.007721","0.007481","76.05K","0.40%"
"Jan 22, 2020","0.007494","0.007541","0.007602","0.007431","58.97K","-0.64%"
"Jan 23, 2020","0.007440","0.007488","0.007499","0.007302","58.14K","-0.72%"
"Jan 24, 2020","0.007306","0.007443","0.007443","0.007004","87.61K","-1.80%"
"Jan 25, 2020","0.007352","0.007302","0.007431","0.007218","40.80K","0.63%"
"Jan 26, 2020","0.007414","0.007355","0.007522","0.007309","45.98K","0.84%"
"Jan 27, 2020","0.007344","0.007421","0.007494","0.007244","60.39K","-0.94%"
"Jan 28, 2020","0.007223","0.007355","0.007395","0.007214","50.46K","-1.65%"
"Jan 29, 2020","0.007514","0.007226","0.007532","0.007201","68.09K","4.03%"
"Jan 30, 2020","0.007866","0.007518","0.007869","0.007321","110.48K","4.68%"
"Jan 31, 2020","0.007706","0.007862","0.007988","0.007484","125.58K","-2.03%"
"Feb 01, 2020","0.007796","0.007713","0.007878","0.007624","87.17K","1.17%"
"Feb 02, 2020","0.008018","0.007802","0.008240","0.007670","124.52K","2.85%"
"Feb 03, 2020","0.008256","0.008024","0.008374","0.007926","123.86K","2.97%"
"Feb 04, 2020","0.008184","0.008255","0.008291","0.008063","83.72K","-0.87%"
"Feb 05, 2020","0.008095","0.008181","0.008302","0.008014","93.63K","-1.09%"
"Feb 06, 2020","0.008004","0.008093","0.008228","0.007986","84.30K","-1.12%"
"Feb 07, 2020","0.008105","0.008009","0.008236","0.008004","94.57K","1.26%"
"Feb 08, 2020","0.008147","0.008100","0.008289","0.007936","87.17K","0.52%"
"Feb 09, 2020","0.008620","0.008141","0.008635","0.008062","95.70K","5.81%"
"Feb 10, 2020","0.008578","0.008623","0.008683","0.008473","66.85K","-0.49%"
"Feb 11, 2020","0.008739","0.008599","0.008744","0.008341","100.96K","1.88%"
"Feb 12, 2020","0.009127","0.008742","0.009148","0.008734","120.38K","4.44%"
"Feb 13, 2020","0.009013","0.009137","0.009180","0.008825","109.97K","-1.25%"
"Feb 14, 2020","0.009195","0.009021","0.009200","0.008931","76.48K","2.02%"
"Feb 15, 2020","0.008985","0.009192","0.009467","0.008782","94.85K","-2.28%"
"Feb 16, 2020","0.008840","0.008983","0.009222","0.008258","99.90K","-1.61%"
"Feb 17, 2020","0.008499","0.008843","0.008950","0.008322","114.98K","-3.86%"
"Feb 18, 2020","0.008499","0.008503","0.008690","0.008403","95.52K","0.00%"
"Feb 19, 2020","0.008105","0.008501","0.008526","0.008091","59.30K","-4.64%"
"Feb 20, 2020","0.007962","0.008094","0.008233","0.007889","98.54K","-1.76%"
"Feb 21, 2020","0.008292","0.007964","0.008450","0.007894","88.99K","4.14%"
"Feb 22, 2020","0.008174","0.008289","0.008558","0.008126","98.81K","-1.42%"
"Feb 23, 2020","0.008564","0.008177","0.008638","0.008143","94.70K","4.77%"
"Feb 24, 2020","0.008195","0.008567","0.008667","0.008074","115.72K","-4.31%"
"Feb 25, 2020","0.008209","0.008199","0.008488","0.008128","97.82K","0.17%"
"Feb 26, 2020","0.008031","0.008203","0.008317","0.007862","115.27K","-2.17%"
"Feb 27, 2020","0.007969","0.008031","0.008116","0.007818","101.39K","-0.77%"
"Feb 28, 2020","0.007874","0.007969","0.008057","0.007803","69.27K","-1.19%"
"Feb 29, 2020","0.007727","0.007876","0.007908","0.007711","78.22K","-1.87%"
"Mar 01, 2020","0.007557","0.007733","0.007840","0.007493","64.05K","-2.20%"
"Mar 02, 2020","0.007719","0.007553","0.007805","0.007544","75.08K","2.14%"
"Mar 03, 2020","0.007516","0.007705","0.007788","0.007467","71.06K","-2.63%"
"Mar 04, 2020","0.007497","0.007515","0.007703","0.007444","81.47K","-0.25%"
"Mar 05, 2020","0.007558","0.007508","0.007684","0.007508","60.25K","0.81%"
"Mar 06, 2020","0.007570","0.007562","0.007615","0.007484","84.19K","0.16%"
"Mar 07, 2020","0.007395","0.007569","0.007593","0.007346","61.72K","-2.31%"
"Mar 08, 2020","0.007020","0.007389","0.007405","0.006954","106.40K","-5.07%"
"Mar 09, 2020","0.007025","0.007033","0.007181","0.006841","108.21K","0.07%"
"Mar 10, 2020","0.006951","0.007031","0.007032","0.006896","82.32K","-1.05%"
"Mar 11, 2020","0.006833","0.006953","0.007040","0.006714","99.63K","-1.70%"
"Mar 12, 2020","0.006606","0.006833","0.006888","0.006146","171.52K","-3.32%"
"Mar 13, 2020","0.006622","0.006635","0.007017","0.006429","138.56K","0.24%"
"Mar 14, 2020","0.006978","0.006627","0.007448","0.006605","97.06K","5.38%"
"Mar 15, 2020","0.007080","0.006979","0.007232","0.006805","76.69K","1.46%"
"Mar 16, 2020","0.006763","0.007080","0.007271","0.006484","120.11K","-4.48%"
"Mar 17, 2020","0.006807","0.006766","0.006935","0.006707","75.33K","0.65%"
"Mar 18, 2020","0.006878","0.006815","0.006981","0.006655","80.73K","1.04%"
"Mar 19, 2020","0.006637","0.006875","0.006974","0.006563","92.95K","-3.50%"
"Mar 20, 2020","0.006495","0.006622","0.006719","0.006391","85.39K","-2.14%"
"Mar 21, 2020","0.006660","0.006490","0.006916","0.006439","81.55K","2.54%"
"Mar 22, 2020","0.006550","0.006666","0.006962","0.006510","73.12K","-1.65%"
"Mar 23, 2020","0.006861","0.006573","0.006915","0.006511","75.55K","4.75%"
"Mar 24, 2020","0.006998","0.006867","0.007145","0.006711","99.64K","2.00%"
"Mar 25, 2020","0.007055","0.007012","0.007082","0.006878","73.73K","0.81%"
"Mar 26, 2020","0.007455","0.007053","0.007694","0.006999","154.03K","5.67%"
"Mar 27, 2020","0.007496","0.007460","0.007725","0.007252","91.61K","0.55%"
"Mar 28, 2020","0.007540","0.007498","0.007712","0.007355","81.00K","0.59%"
"Mar 29, 2020","0.007496","0.007540","0.007603","0.007394","66.43K","-0.58%"
"Mar 30, 2020","0.007267","0.007498","0.007526","0.007208","63.67K","-3.05%"
"Mar 31, 2020","0.007426","0.007265","0.007487","0.007220","61.26K","2.19%"
"Apr 01, 2020","0.007296","0.007418","0.007608","0.007280","74.18K","-1.75%"
"Apr 02, 2020","0.007461","0.007250","0.007478","0.007239","76.14K","2.26%"
"Apr 03, 2020","0.007861","0.007461","0.007984","0.007451","103.86K","5.36%"
"Apr 04, 2020","0.007888","0.007876","0.008166","0.007783","113.90K","0.34%"
"Apr 05, 2020","0.007844","0.007888","0.007997","0.007825","93.15K","-0.56%"
"Apr 06, 2020","0.008041","0.007865","0.008131","0.007851","109.96K","2.51%"
"Apr 07, 2020","0.007769","0.008038","0.008117","0.007720","95.18K","-3.38%"
"Apr 08, 2020","0.007863","0.007769","0.007903","0.007738","59.77K","1.21%"
"Apr 09, 2020","0.008010","0.007861","0.008070","0.007809","51.75K","1.87%"
"Apr 10, 2020","0.007824","0.008006","0.008024","0.007768","74.23K","-2.32%"
"Apr 11, 2020","0.007823","0.007826","0.007913","0.007751","45.63K","-0.01%"
"Apr 12, 2020","0.007778","0.007823","0.007860","0.007702","64.01K","-0.58%"
"Apr 13, 2020","0.007749","0.007788","0.007845","0.007621","87.43K","-0.37%"
"Apr 14, 2020","0.007877","0.007745","0.007975","0.007729","67.95K","1.65%"
"Apr 15, 2020","0.008022","0.007885","0.008146","0.007869","96.14K","1.84%"
"Apr 16, 2020","0.008012","0.008023","0.008108","0.007916","77.92K","-0.12%"
"Apr 17, 2020","0.007998","0.008022","0.008085","0.007969","46.55K","-0.17%"
"Apr 18, 2020","0.008000","0.007993","0.008100","0.007945","40.96K","0.03%"
"Apr 19, 2020","0.008003","0.008008","0.008111","0.007970","57.62K","0.04%"
"Apr 20, 2020","0.008004","0.008005","0.008111","0.007979","67.93K","0.01%"
"Apr 21, 2020","0.008054","0.008002","0.008105","0.007971","63.10K","0.62%"
"Apr 22, 2020","0.007998","0.008061","0.008111","0.007980","95.28K","-0.70%"
"Apr 23, 2020","0.007929","0.007993","0.008086","0.007884","61.23K","-0.86%"
"Apr 24, 2020","0.008089","0.007926","0.008238","0.007922","83.96K","2.02%"
"Apr 25, 2020","0.008025","0.008085","0.008160","0.008020","53.79K","-0.79%"
"Apr 26, 2020","0.007975","0.008024","0.008126","0.007967","59.14K","-0.62%"
"Apr 27, 2020","0.008017","0.007975","0.008072","0.007950","64.20K","0.53%"
"Apr 28, 2020","0.008019","0.008018","0.008257","0.007924","83.86K","0.02%"
"Apr 29, 2020","0.007559","0.008019","0.008031","0.007439","96.99K","-5.74%"
"Apr 30, 2020","0.007220","0.007557","0.007591","0.007019","113.80K","-4.48%"
"May 01, 2020","0.007186","0.007216","0.007404","0.007133","81.15K","-0.47%"
"May 02, 2020","0.007195","0.007186","0.007286","0.007168","49.36K","0.13%"
"May 03, 2020","0.007010","0.007187","0.007201","0.007003","55.20K","-2.57%"
"May 04, 2020","0.006881","0.007006","0.007108","0.006764","72.91K","-1.84%"
"May 05, 2020","0.006684","0.006881","0.006968","0.006683","65.64K","-2.86%"
"May 06, 2020","0.006325","0.006683","0.006807","0.006319","99.21K","-5.37%"
"May 07, 2020","0.006471","0.006330","0.006610","0.006205","122.54K","2.31%"
"May 08, 2020","0.006465","0.006461","0.006644","0.006412","94.41K","-0.09%"
"May 09, 2020","0.006602","0.006479","0.006724","0.006424","61.74K","2.12%"
"May 10, 2020","0.006726","0.006593","0.006831","0.006488","78.62K","1.88%"
"May 11, 2020","0.006930","0.006717","0.006958","0.006707","76.92K","3.03%"
"May 12, 2020","0.006981","0.006941","0.007052","0.006855","59.97K","0.74%"
"May 13, 2020","0.006986","0.006986","0.007278","0.006906","108.77K","0.07%"
"May 14, 2020","0.006669","0.006982","0.006990","0.006536","95.45K","-4.54%"
"May 15, 2020","0.006732","0.006665","0.006850","0.006638","59.91K","0.94%"
"May 16, 2020","0.006971","0.006725","0.007002","0.006664","41.20K","3.55%"
"May 17, 2020","0.006740","0.006975","0.006995","0.006707","48.65K","-3.31%"
"May 18, 2020","0.006877","0.006729","0.006940","0.006677","56.95K","2.03%"
"May 19, 2020","0.006822","0.006879","0.006908","0.006778","56.28K","-0.80%"
"May 20, 2020","0.006802","0.006822","0.006879","0.006760","54.22K","-0.29%"
"May 21, 2020","0.006799","0.006798","0.006844","0.006707","46.87K","-0.04%"
"May 22, 2020","0.006858","0.006798","0.006904","0.006753","56.98K","0.87%"
"May 23, 2020","0.006910","0.006856","0.007051","0.006818","47.87K","0.76%"
"May 24, 2020","0.006961","0.006913","0.007003","0.006809","60.10K","0.74%"
"May 25, 2020","0.006908","0.006965","0.007044","0.006869","71.91K","-0.76%"
"May 26, 2020","0.006998","0.006915","0.007034","0.006904","52.95K","1.30%"
"May 27, 2020","0.007011","0.007012","0.007161","0.006935","78.17K","0.19%"
"May 28, 2020","0.007016","0.007009","0.007075","0.006864","77.82K","0.07%"
"May 29, 2020","0.007008","0.007009","0.007102","0.006970","59.00K","-0.11%"
"May 30, 2020","0.007054","0.007008","0.007165","0.006961","55.07K","0.66%"
"May 31, 2020","0.006878","0.007046","0.007150","0.006831","58.00K","-2.50%"
"Jun 01, 2020","0.006626","0.006874","0.006936","0.006603","72.86K","-3.66%"
"Jun 02, 2020","0.006998","0.006638","0.007002","0.006627","63.48K","5.61%"
"Jun 03, 2020","0.006947","0.007000","0.007093","0.006946","54.56K","-0.73%"
"Jun 04, 2020","0.006950","0.006947","0.007074","0.006889","47.68K","0.04%"
"Jun 05, 2020","0.007003","0.006960","0.007046","0.006941","44.76K","0.76%"
"Jun 06, 2020","0.006995","0.007012","0.007047","0.006985","40.61K","-0.11%"
"Jun 07, 2020","0.006816","0.006999","0.007056","0.006757","54.30K","-2.56%"
"Jun 08, 2020","0.006980","0.006815","0.007011","0.006802","57.79K","2.41%"
"Jun 09, 2020","0.006961","0.006980","0.007046","0.006955","44.54K","-0.27%"
"Jun 10, 2020","0.007044","0.006959","0.007058","0.006902","72.17K","1.19%"
"Jun 11, 2020","0.006865","0.007051","0.007071","0.006848","63.79K","-2.54%"
"Jun 12, 2020","0.006940","0.006852","0.007007","0.006814","57.05K","1.09%"
"Jun 13, 2020","0.007026","0.006939","0.007038","0.006898","41.77K","1.24%"
"Jun 14, 2020","0.007001","0.007025","0.007033","0.006907","39.21K","-0.36%"
"Jun 15, 2020","0.006840","0.006998","0.007024","0.006800","65.17K","-2.30%"
"Jun 16, 2020","0.006921","0.006839","0.006940","0.006807","48.32K","1.18%"
"Jun 17, 2020","0.006879","0.006920","0.007015","0.006874","73.85K","-0.61%"
"Jun 18, 2020","0.006913","0.006878","0.006990","0.006821","56.76K","0.49%"
"Jun 19, 2020","0.006888","0.006913","0.006977","0.006848","66.02K","-0.36%"
"Jun 20, 2020","0.006845","0.006885","0.006949","0.006822","49.87K","-0.62%"
"Jun 21, 2020","0.006938","0.006845","0.006954","0.006822","46.33K","1.36%"
"Jun 22, 2020","0.006821","0.006936","0.006973","0.006815","95.92K","-1.69%"
"Jun 23, 2020","0.006942","0.006828","0.006974","0.006796","75.41K","1.77%"
"Jun 24, 2020","0.006974","0.006942","0.006999","0.006911","60.56K","0.46%"
"Jun 25, 2020","0.006950","0.006974","0.007027","0.006941","74.03K","-0.34%"
"Jun 26, 2020","0.006983","0.006950","0.007015","0.006906","59.37K","0.47%"
"Jun 27, 2020","0.006894","0.006985","0.007009","0.006781","55.14K","-1.27%"
"Jun 28, 2020","0.006945","0.006886","0.006945","0.006874","48.02K","0.74%"
"Jun 29, 2020","0.006983","0.006948","0.007036","0.006890","86.91K","0.55%"
"Jun 30, 2020","0.006950","0.006984","0.007041","0.006918","89.41K","-0.47%"
"Jul 01, 2020","0.006984","0.006955","0.007010","0.006903","69.55K","0.49%"
"Jul 02, 2020","0.007172","0.006987","0.007338","0.006937","141.49K","2.69%"
"Jul 03, 2020","0.006913","0.007173","0.007207","0.006900","106.14K","-3.61%"
"Jul 04, 2020","0.007022","0.006912","0.007067","0.006903","60.95K","1.58%"
"Jul 05, 2020","0.006968","0.007023","0.007096","0.006911","79.02K","-0.77%"
"Jul 06, 2020","0.006951","0.006968","0.006968","0.006889","83.44K","-0.24%"
"Jul 07, 2020","0.006980","0.006947","0.006995","0.006924","55.63K","0.42%"
"Jul 08, 2020","0.007015","0.006980","0.007152","0.006980","108.87K","0.50%"
"Jul 09, 2020","0.007280","0.007025","0.007355","0.006961","103.49K","3.78%"
"Jul 10, 2020","0.007241","0.007287","0.007364","0.007189","110.29K","-0.54%"
"Jul 11, 2020","0.007442","0.007251","0.007492","0.007251","86.68K","2.78%"
"Jul 12, 2020","0.007441","0.007442","0.007550","0.007435","86.08K","-0.01%"
"Jul 13, 2020","0.007493","0.007432","0.007516","0.007419","93.21K","0.70%"
"Jul 14, 2020","0.007334","0.007489","0.007489","0.007301","87.07K","-2.12%"
"Jul 15, 2020","0.007670","0.007335","0.007670","0.007325","169.45K","4.58%"
"Jul 16, 2020","0.007408","0.007669","0.007742","0.007322","109.17K","-3.42%"
"Jul 17, 2020","0.007389","0.007411","0.007437","0.007373","70.04K","-0.26%"
"Jul 18, 2020","0.007454","0.007385","0.007491","0.007365","94.01K","0.88%"
"Jul 19, 2020","0.007475","0.007454","0.007522","0.007419","70.37K","0.28%"
"Jul 20, 2020","0.007571","0.007479","0.007573","0.007479","76.48K","1.28%"
"Jul 21, 2020","0.007418","0.007571","0.007638","0.007418","93.34K","-2.02%"
"Jul 22, 2020","0.007504","0.007423","0.007532","0.007423","82.44K","1.16%"
"Jul 23, 2020","0.007602","0.007511","0.007638","0.007461","107.09K","1.31%"
"Jul 24, 2020","0.007502","0.007591","0.007591","0.007502","90.08K","-1.32%"
"Jul 25, 2020","0.007584","0.007500","0.007622","0.007500","54.83K","1.09%"
"Jul 26, 2020","0.007861","0.007584","0.007883","0.007571","114.45K","3.65%"
"Jul 27, 2020","0.007114","0.007859","0.007859","0.007114","135.29K","-9.50%"
"Jul 28, 2020","0.007443","0.007101","0.007530","0.007101","129.20K","4.62%"
"Jul 29, 2020","0.007156","0.007445","0.007471","0.007156","104.26K","-3.86%"
"Jul 30, 2020","0.007288","0.007144","0.007426","0.007144","75.19K","1.84%"
"Jul 31, 2020","0.007454","0.007286","0.007466","0.007286","65.32K","2.28%"
"Aug 01, 2020","0.007594","0.007453","0.007602","0.007281","87.86K","1.88%"
"Aug 02, 2020","0.007679","0.007592","0.007701","0.007353","95.11K","1.12%"
"Aug 03, 2020","0.007936","0.007679","0.007936","0.007656","83.88K","3.35%"
"Aug 04, 2020","0.007801","0.007939","0.007939","0.007706","98.91K","-1.70%"
"Aug 05, 2020","0.007693","0.007797","0.007808","0.007560","67.35K","-1.38%"
"Aug 06, 2020","0.008116","0.007690","0.008116","0.007652","94.78K","5.50%"
"Aug 07, 2020","0.008107","0.008114","0.008114","0.007896","97.27K","-0.11%"
"Aug 08, 2020","0.008062","0.008108","0.008108","0.007971","45.20K","-0.56%"
"Aug 09, 2020","0.007953","0.008080","0.008080","0.007953","55.74K","-1.35%"
"Aug 10, 2020","0.007886","0.007953","0.007953","0.007776","74.28K","-0.84%"
"Aug 11, 2020","0.007660","0.007885","0.007986","0.007563","90.15K","-2.87%"
"Aug 12, 2020","0.007740","0.007660","0.007753","0.007574","58.66K","1.04%"
"Aug 13, 2020","0.007807","0.007742","0.007807","0.007641","70.88K","0.87%"
"Aug 14, 2020","0.007775","0.007809","0.007827","0.007690","115.28K","-0.41%"
"Aug 15, 2020","0.007578","0.007770","0.007770","0.007578","67.29K","-2.53%"
"Aug 16, 2020","0.007653","0.007575","0.007653","0.007564","47.95K","0.99%"
"Aug 17, 2020","0.007614","0.007652","0.007694","0.007495","86.31K","-0.51%"
"Aug 18, 2020","0.007812","0.007606","0.007818","0.007555","127.65K","2.60%"
"Aug 19, 2020","0.007765","0.007822","0.007921","0.007694","135.81K","-0.60%"
"Aug 20, 2020","0.008551","0.007773","0.008551","0.007773","191.34K","10.12%"
"Aug 21, 2020","0.007996","0.008575","0.008714","0.007996","193.70K","-6.49%"
"Aug 22, 2020","0.008104","0.007995","0.008138","0.007892","81.01K","1.35%"
"Aug 23, 2020","0.007836","0.008108","0.008108","0.007788","57.88K","-3.31%"
"Aug 24, 2020","0.007973","0.007834","0.007986","0.007793","77.31K","1.75%"
"Aug 25, 2020","0.007815","0.007965","0.007987","0.007718","74.31K","-1.98%"
"Aug 26, 2020","0.007761","0.007817","0.007854","0.007761","75.10K","-0.69%"
"Aug 27, 2020","0.007916","0.007761","0.007916","0.007699","63.70K","2.00%"
"Aug 28, 2020","0.008189","0.007913","0.008189","0.007812","94.21K","3.45%"
"Aug 29, 2020","0.008083","0.008191","0.008261","0.008083","61.45K","-1.29%"
"Aug 30, 2020","0.008221","0.008084","0.008257","0.008057","71.31K","1.71%"
"Aug 31, 2020","0.007992","0.008237","0.008237","0.007992","67.71K","-2.79%"
"Sep 01, 2020","0.008123","0.007993","0.008123","0.007955","94.46K","1.64%"
"Sep 02, 2020","0.008004","0.008133","0.008133","0.007855","98.84K","-1.46%"
"Sep 03, 2020","0.007601","0.007996","0.007996","0.007601","92.79K","-5.03%"
"Sep 04, 2020","0.007850","0.007597","0.007933","0.007556","101.80K","3.28%"
"Sep 05, 2020","0.007644","0.007853","0.007877","0.007601","103.81K","-2.62%"
"Sep 06, 2020","0.007810","0.007640","0.007882","0.007568","67.83K","2.17%"
"Sep 07, 2020","0.007959","0.007813","0.007959","0.007766","81.75K","1.91%"
"Sep 08, 2020","0.008302","0.007964","0.008302","0.007957","118.12K","4.31%"
"Sep 09, 2020","0.008246","0.008308","0.008325","0.008218","87.63K","-0.67%"
"Sep 10, 2020","0.008277","0.008246","0.008284","0.008195","60.28K","0.38%"
"Sep 11, 2020","0.008091","0.008284","0.008284","0.008091","70.66K","-2.25%"
"Sep 12, 2020","0.008301","0.008084","0.008302","0.008044","54.10K","2.60%"
"Sep 13, 2020","0.008332","0.008304","0.008517","0.008281","97.30K","0.37%"
"Sep 14, 2020","0.008587","0.008340","0.008587","0.008205","99.36K","3.06%"
"Sep 15, 2020","0.008451","0.008592","0.008604","0.008272","116.73K","-1.58%"
"Sep 16, 2020","0.008053","0.008444","0.008444","0.007931","90.02K","-4.71%"
"Sep 17, 2020","0.008481","0.008054","0.008539","0.008054","115.56K","5.31%"
"Sep 18, 2020","0.008465","0.008477","0.008578","0.008430","67.22K","-0.19%"
"Sep 19, 2020","0.008531","0.008455","0.008555","0.008394","50.60K","0.78%"
"Sep 20, 2020","0.008490","0.008533","0.008625","0.008456","36.85K","-0.48%"
"Sep 21, 2020","0.008558","0.008490","0.008605","0.008312","100.90K","0.80%"
"Sep 22, 2020","0.008791","0.008556","0.008928","0.008398","149.51K","2.72%"
"Sep 23, 2020","0.008512","0.008783","0.008874","0.008496","78.16K","-3.17%"
"Sep 24, 2020","0.008551","0.008514","0.008646","0.008514","68.66K","0.46%"
"Sep 25, 2020","0.008690","0.008552","0.008773","0.008552","75.16K","1.63%"
"Sep 26, 2020","0.008812","0.008724","0.008852","0.008657","41.32K","1.40%"
"Sep 27, 2020","0.009015","0.008810","0.009285","0.008805","77.86K","2.30%"
"Sep 28, 2020","0.008887","0.009024","0.009024","0.008840","71.99K","-1.42%"
"Sep 29, 2020","0.009262","0.008900","0.009262","0.008900","114.29K","4.22%"
"Sep 30, 2020","0.010076","0.009262","0.010076","0.009193","137.34K","8.79%"
"Oct 01, 2020","0.009769","0.010077","0.010308","0.009649","166.34K","-3.05%"
"Oct 02, 2020","0.009616","0.009738","0.009804","0.009242","141.02K","-1.57%"
"Oct 03, 2020","0.009824","0.009624","0.009832","0.009624","85.86K","2.16%"
"Oct 04, 2020","0.009878","0.009820","0.010123","0.009667","89.01K","0.55%"
"Oct 05, 2020","0.010435","0.009878","0.010435","0.009801","125.23K","5.64%"
"Oct 06, 2020","0.010051","0.010455","0.010519","0.010051","129.90K","-3.68%"
"Oct 07, 2020","0.010333","0.010026","0.010377","0.009809","134.79K","2.81%"
"Oct 08, 2020","0.010186","0.010326","0.010418","0.010186","114.98K","-1.42%"
"Oct 09, 2020","0.010487","0.010184","0.010605","0.010085","109.40K","2.96%"
"Oct 10, 2020","0.010266","0.010492","0.010492","0.010266","59.34K","-2.11%"
"Oct 11, 2020","0.011062","0.010257","0.011078","0.010241","92.29K","7.75%"
"Oct 12, 2020","0.011193","0.011068","0.011525","0.011068","152.61K","1.18%"
"Oct 13, 2020","0.011203","0.011188","0.011265","0.010991","102.11K","0.09%"
"Oct 14, 2020","0.011248","0.011225","0.011606","0.011181","91.41K","0.40%"
"Oct 15, 2020","0.011318","0.011246","0.011387","0.011103","77.45K","0.62%"
"Oct 16, 2020","0.010647","0.011317","0.011317","0.010590","91.40K","-5.93%"
"Oct 17, 2020","0.010566","0.010665","0.010748","0.010566","53.96K","-0.76%"
"Oct 18, 2020","0.010819","0.010566","0.010819","0.010566","28.15K","2.39%"
"Oct 19, 2020","0.010690","0.010810","0.010979","0.010690","83.20K","-1.19%"
"Oct 20, 2020","0.009927","0.010708","0.010753","0.009846","105.37K","-7.14%"
"Oct 21, 2020","0.009485","0.009929","0.009956","0.009452","92.29K","-4.45%"
"Oct 22, 2020","0.009833","0.009484","0.009833","0.009407","100.44K","3.67%"
"Oct 23, 2020","0.009857","0.009824","0.009857","0.009579","54.58K","0.24%"
"Oct 24, 2020","0.009860","0.009865","0.009868","0.009713","65.54K","0.03%"
"Oct 25, 2020","0.010065","0.009864","0.010245","0.009844","66.36K","2.08%"
"Oct 26, 2020","0.010066","0.010064","0.010528","0.010064","117.51K","0.01%"
"Oct 27, 2020","0.009814","0.010057","0.010346","0.009719","71.31K","-2.50%"
"Oct 28, 2020","0.009515","0.009814","0.009814","0.009515","90.90K","-3.05%"
"Oct 29, 2020","0.009253","0.009524","0.009587","0.009253","102.62K","-2.75%"
"Oct 30, 2020","0.009076","0.009250","0.009250","0.008998","83.65K","-1.91%"
"Oct 31, 2020","0.009163","0.009070","0.009208","0.008874","86.65K","0.96%"
"Nov 01, 2020","0.009238","0.009184","0.009238","0.009015","47.54K","0.82%"
"Nov 02, 2020","0.008776","0.009234","0.009250","0.008761","98.10K","-5.00%"
"Nov 03, 2020","0.008639","0.008758","0.008839","0.008567","75.97K","-1.56%"
"Nov 04, 2020","0.008185","0.008646","0.008705","0.008185","93.89K","-5.26%"
"Nov 05, 2020","0.007669","0.008185","0.008212","0.007559","132.85K","-6.30%"
"Nov 06, 2020","0.007666","0.007667","0.007990","0.007618","100.49K","-0.04%"
"Nov 07, 2020","0.007492","0.007670","0.008036","0.007492","93.65K","-2.27%"
"Nov 08, 2020","0.007770","0.007483","0.007770","0.007466","54.17K","3.71%"
"Nov 09, 2020","0.007564","0.007763","0.007763","0.007469","78.63K","-2.65%"
"Nov 10, 2020","0.007556","0.007563","0.007655","0.007537","41.34K","-0.11%"
"Nov 11, 2020","0.007323","0.007545","0.007576","0.007323","77.43K","-3.08%"